dt,open,high,low,close
2021-01-01,28923.63,29600.0,28624.57,29331.69
2021-01-02,29331.7,33300.0,28946.53,32178.33
2021-01-03,32176.45,34778.11,31962.99,33000.05
2021-01-04,33000.05,33600.0,28130.0,31988.71
2021-01-05,31989.75,34360.0,29900.0,33949.53
2021-01-06,33949.53,36939.21,33288.0,36769.36
2021-01-07,36769.36,40365.0,36300.0,39432.28
2021-01-08,39432.48,41950.0,36500.0,40582.81
2021-01-09,40586.96,41380.0,38720.0,40088.22
2021-01-10,40088.22,41350.0,35111.11,38150.02
2021-01-11,38150.02,38264.74,30420.0,35404.47
2021-01-12,35410.37,36628.0,32531.0,34051.24
2021-01-13,34049.15,37850.0,32380.0,37371.38
2021-01-14,37371.38,40100.0,36701.23,39144.5
2021-01-15,39145.21,39747.76,34408.0,36742.22
2021-01-16,36737.43,37950.0,35357.8,35994.98
2021-01-17,35994.98,36852.5,33850.0,35828.61
2021-01-18,35824.99,37469.83,34800.0,36631.27
2021-01-19,36622.46,37850.0,35844.06,35891.49
2021-01-20,35901.94,36415.31,33400.0,35468.23
2021-01-21,35468.23,35600.0,30071.0,30850.13
2021-01-22,30851.99,33826.53,28850.0,32945.17
2021-01-23,32950.0,33456.0,31390.16,32078.0
2021-01-24,32078.0,33071.0,30900.0,32259.9
2021-01-25,32259.45,34875.0,31910.0,32254.2
2021-01-26,32254.19,32921.88,30837.37,32467.77
2021-01-27,32464.01,32557.29,29241.72,30366.15
2021-01-28,30362.19,33783.98,29842.1,33364.86
2021-01-29,33368.18,38531.9,31915.4,34252.2
2021-01-30,34246.28,34933.0,32825.0,34262.88
2021-01-31,34262.89,34342.69,32171.67,33092.98
2021-02-01,33092.97,34717.27,32296.16,33526.37
2021-02-02,33517.09,35984.33,33418.0,35466.24
2021-02-03,35472.71,37662.63,35362.38,37618.87
2021-02-04,37620.26,38708.27,36161.95,36936.66
2021-02-05,36936.65,38310.12,36570.0,38290.24
2021-02-06,38289.32,40955.51,38215.94,39186.94
2021-02-07,39181.01,39700.0,37351.0,38795.69
2021-02-08,38795.69,46794.45,37988.89,46374.87
2021-02-09,46374.86,48142.19,44961.09,46420.42
2021-02-10,46420.42,47310.0,43727.0,44807.58
2021-02-11,44807.58,48678.9,43994.02,47969.51
2021-02-12,47968.66,48985.8,46125.0,47287.6
2021-02-13,47298.15,48150.0,46202.53,47153.69
2021-02-14,47156.78,49707.43,47014.17,48577.79
2021-02-15,48580.47,49010.92,45570.79,47911.1
2021-02-16,47911.1,50689.18,47003.62,49133.45
2021-02-17,49133.45,52618.74,48947.0,52119.71
2021-02-18,52117.67,52530.0,50901.9,51552.6
2021-02-19,51552.61,56368.0,50710.2,55906.0
2021-02-20,55906.0,57700.46,53863.93,55841.19
2021-02-21,55841.19,58352.8,55477.59,57408.57
2021-02-22,57412.35,57508.47,47622.0,54087.67
2021-02-23,54087.67,54183.59,44892.56,48891.0
2021-02-24,48891.0,51374.99,46988.69,49676.2
2021-02-25,49676.21,52041.73,46674.34,47073.73
2021-02-26,47073.73,48424.11,44106.78,46276.87
2021-02-27,46276.88,48394.0,45000.0,46106.43
2021-02-28,46103.67,46638.46,43000.0,45135.66
2021-03-01,45134.11,49790.0,44950.53,49587.03
2021-03-02,49595.76,50200.0,47047.6,48440.65
2021-03-03,48436.61,52640.0,48100.71,50349.37
2021-03-04,50349.37,51773.88,47500.0,48374.09
2021-03-05,48374.09,49448.93,46300.0,48751.71
2021-03-06,48746.81,49200.0,47070.0,48882.2
2021-03-07,48882.2,51450.03,48882.2,50971.75
2021-03-08,50959.11,52402.78,49274.67,52375.17
2021-03-09,52375.18,54895.0,51789.41,54884.5
2021-03-10,54874.67,57387.69,53005.0,55851.59
2021-03-11,55851.59,58150.0,54272.82,57773.16
2021-03-12,57773.15,58081.51,54962.84,57221.72
2021-03-13,57221.72,61844.0,56078.23,61188.39
2021-03-14,61188.38,61724.79,58966.78,58968.31
2021-03-15,58976.08,60633.43,54600.0,55605.2
2021-03-16,55605.2,56938.29,53271.34,56900.75
2021-03-17,56900.74,58974.73,54123.69,58912.97
2021-03-18,58912.97,60129.97,57023.0,57648.16
2021-03-19,57641.0,59468.0,56270.74,58030.01
2021-03-20,58030.01,59880.0,57820.17,58102.28
2021-03-21,58100.02,58589.1,55450.11,57351.56
2021-03-22,57351.56,58430.73,53650.0,54083.25
2021-03-23,54083.25,55830.9,53000.0,54340.89
2021-03-24,54342.8,57200.0,51700.0,52303.65
2021-03-25,52303.66,53287.0,50427.56,51293.78
2021-03-26,51293.78,55073.46,51214.6,55025.59
2021-03-27,55025.59,56700.36,53950.0,55817.14
2021-03-28,55817.14,56559.75,54691.84,55777.63
2021-03-29,55777.65,58405.82,54800.01,57635.47
2021-03-30,57635.46,59368.0,57071.35,58746.57
2021-03-31,58746.57,59800.0,56769.0,58740.55
2021-04-01,58739.46,59490.0,57935.45,58720.44
2021-04-02,58720.45,60200.0,58428.57,58950.01
2021-04-03,58950.01,59791.72,56880.0,57051.94
2021-04-04,57051.95,58492.85,56388.0,58202.01
2021-04-05,58202.01,59272.0,56777.77,59129.99
2021-04-06,59129.99,59495.24,57413.02,57991.15
2021-04-07,57990.03,58655.0,55473.0,55953.45
2021-04-08,55953.44,58153.31,55700.0,58077.52
2021-04-09,58077.52,58894.9,57654.0,58142.54
2021-04-10,58142.55,61500.0,57900.01,59769.13
2021-04-11,59769.13,60699.0,59232.52,60002.43
2021-04-12,59998.8,61300.0,59350.59,59860.0
2021-04-13,59860.01,63777.77,59805.15,63575.0
2021-04-14,63575.01,64854.0,61301.0,62959.53
2021-04-15,62959.53,63800.0,62020.0,63159.98
2021-04-16,63158.74,63520.61,60000.0,61334.8
2021-04-17,61334.81,62506.05,59580.91,60006.66
2021-04-18,60006.67,60499.0,50931.3,56150.01
2021-04-19,56150.01,57526.81,54221.58,55633.14
2021-04-20,55633.14,57076.24,53329.96,56425.0
2021-04-21,56425.0,56757.91,53536.02,53787.63
2021-04-22,53787.62,55521.48,50500.0,51690.96
2021-04-23,51690.95,52131.85,47500.0,51125.14
2021-04-24,51110.56,51166.22,48657.14,50047.84
2021-04-25,50047.84,50567.91,46930.0,49066.77
2021-04-26,49066.76,54356.62,48753.44,54001.39
2021-04-27,54001.38,55460.0,53222.0,55011.97
2021-04-28,55011.97,56428.0,53813.16,54846.22
2021-04-29,54846.23,55195.84,52330.94,53555.0
2021-04-30,53555.0,57963.0,53013.01,57694.27
2021-05-01,57697.25,58458.07,56956.14,57800.37
2021-05-02,57797.35,57911.02,56035.25,56578.21
2021-05-03,56578.21,58981.44,56435.0,57169.39
2021-05-04,57169.39,57200.0,53046.69,53200.01
2021-05-05,53205.05,58069.82,52900.0,57436.11
2021-05-06,57436.11,58360.0,55200.0,56393.68
2021-05-07,56393.68,58650.0,55241.63,57314.75
2021-05-08,57315.49,59500.0,56900.0,58862.05
2021-05-09,58866.53,59300.0,56235.66,58240.84
2021-05-10,58240.83,59500.0,53400.0,55816.14
2021-05-11,55816.14,56862.43,54370.0,56670.02
2021-05-12,56670.02,58000.01,48600.0,49631.32
2021-05-13,49537.15,51367.19,46000.0,49670.97
2021-05-14,49671.92,51483.0,48799.75,49841.45
2021-05-15,49844.16,50700.0,46555.0,46762.99
2021-05-16,46762.99,49795.89,43825.39,46431.5
2021-05-17,46426.83,46686.0,42001.0,43538.04
2021-05-18,43538.02,45799.29,42250.02,42849.78
2021-05-19,42849.78,43584.9,30000.0,36690.09
2021-05-20,36671.23,42451.67,34850.0,40526.64
2021-05-21,40525.39,42200.0,33488.0,37252.01
2021-05-22,37263.35,38829.0,35200.62,37449.73
2021-05-23,37458.51,38270.64,31111.01,34655.25
2021-05-24,34681.44,39920.0,34031.0,38796.29
2021-05-25,38810.99,39791.77,36419.62,38324.72
2021-05-26,38324.72,40841.0,37800.44,39241.91
2021-05-27,39241.92,40411.14,37134.27,38529.98
2021-05-28,38529.99,38877.83,34684.0,35663.49
2021-05-29,35661.79,37338.58,33632.76,34605.15
2021-05-30,34605.15,36488.0,33379.0,35641.27
2021-05-31,35641.26,37499.0,34153.84,37253.81
2021-06-01,37253.82,37894.81,35666.0,36693.09
2021-06-02,36694.85,38225.0,35920.0,37568.68
2021-06-03,37568.68,39476.0,37170.0,39246.79
2021-06-04,39246.78,39289.07,35555.15,36829.0
2021-06-05,36829.15,37925.0,34800.0,35513.2
2021-06-06,35516.07,36480.0,35222.0,35796.31
2021-06-07,35796.31,36900.0,33300.0,33552.79
2021-06-08,33556.96,34068.01,31000.0,33380.81
2021-06-09,33380.8,37534.79,32396.82,37388.05
2021-06-10,37388.05,38491.0,35782.0,36675.72
2021-06-11,36677.83,37680.4,35936.77,37331.98
2021-06-12,37331.98,37463.63,34600.36,35546.11
2021-06-13,35546.12,39380.0,34757.0,39020.57
2021-06-14,39020.56,41064.05,38730.0,40516.29
2021-06-15,40516.28,41330.0,39506.4,40144.04
2021-06-16,40143.8,40527.14,38116.01,38349.01
2021-06-17,38349.0,39559.88,37365.0,38092.97
2021-06-18,38092.97,38202.84,35129.29,35819.84
2021-06-19,35820.48,36457.0,34803.52,35483.72
2021-06-20,35483.72,36137.72,33336.0,35600.16
2021-06-21,35600.17,35750.0,31251.23,31608.93
2021-06-22,31614.12,33298.78,28805.0,32509.56
2021-06-23,32509.56,34881.0,31683.0,33678.07
2021-06-24,33675.07,35298.0,32286.57,34663.09
2021-06-25,34663.08,35500.0,31275.0,31584.45
2021-06-26,31576.09,32730.0,30151.0,32283.65
2021-06-27,32283.65,34749.0,31973.45,34700.34
2021-06-28,34702.49,35297.71,33862.72,34494.89
2021-06-29,34494.89,36600.0,34225.43,35911.73
2021-06-30,35911.72,36100.0,34017.55,35045.0
2021-07-01,35045.0,35057.57,32711.0,33504.69
2021-07-02,33502.33,33977.04,32699.0,33786.55
2021-07-03,33786.54,34945.61,33316.73,34669.13
2021-07-04,34669.12,35967.85,34357.15,35286.51
2021-07-05,35288.13,35293.78,33125.55,33690.14
2021-07-06,33690.15,35118.88,33532.0,34220.01
2021-07-07,34220.02,35059.09,33777.77,33862.12
2021-07-08,33862.11,33929.64,32077.0,32875.71
2021-07-09,32875.71,34100.0,32261.07,33815.81
2021-07-10,33815.81,34262.0,33004.78,33502.87
2021-07-11,33502.87,34666.0,33306.47,34258.99
2021-07-12,34259.0,34678.43,32658.34,33086.63
2021-07-13,33086.94,33340.0,32202.25,32729.77
2021-07-14,32729.12,33114.03,31550.0,32820.02
2021-07-15,32820.03,33185.25,31133.0,31880.0
2021-07-16,31874.49,32249.18,31020.0,31383.87
2021-07-17,31383.86,31955.92,31164.31,31520.07
2021-07-18,31520.07,32435.0,31108.97,31778.56
2021-07-19,31778.57,31899.0,30407.44,30839.65
2021-07-20,30839.65,31063.07,29278.0,29790.35
2021-07-21,29790.34,32858.0,29482.61,32144.51
2021-07-22,32144.51,32591.35,31708.0,32287.83
2021-07-23,32287.58,33650.0,31924.32,33634.09
2021-07-24,33634.1,34500.0,33401.14,34258.14
2021-07-25,34261.51,35398.0,33851.12,35381.02
2021-07-26,35381.02,40550.0,35205.78,37237.6
2021-07-27,37241.33,39542.61,36383.0,39457.87
2021-07-28,39456.61,40900.0,38772.0,40019.56
2021-07-29,40019.57,40640.0,39200.0,40016.48
2021-07-30,40018.49,42316.71,38313.23,42206.37
2021-07-31,42206.36,42448.0,41000.15,41461.83
2021-08-01,41461.84,42599.0,39422.01,39845.44
2021-08-02,39850.27,40480.01,38690.0,39147.82
2021-08-03,39146.86,39780.0,37642.03,38207.05
2021-08-04,38207.04,39969.66,37508.56,39723.18
2021-08-05,39723.17,41350.0,37332.7,40862.46
2021-08-06,40862.46,43392.43,39853.86,42836.87
2021-08-07,42836.87,44700.0,42446.41,44572.54
2021-08-08,44572.54,45310.0,43261.0,43794.37
2021-08-09,43794.36,46454.15,42779.0,46253.4
2021-08-10,46248.87,46700.0,44589.46,45584.99
2021-08-11,45585.0,46743.47,45341.14,45511.0
2021-08-12,45510.67,46218.12,43770.0,44399.0
2021-08-13,44400.06,47886.0,44217.39,47800.0
2021-08-14,47799.99,48144.0,45971.03,47068.51
2021-08-15,47068.5,47372.27,45500.0,46973.82
2021-08-16,46973.82,48053.83,45660.0,45901.29
2021-08-17,45901.3,47160.0,44376.0,44695.95
2021-08-18,44695.95,46000.0,44203.28,44705.29
2021-08-19,44699.37,47033.0,43927.7,46760.62
2021-08-20,46760.62,49382.99,46622.99,49322.47
2021-08-21,49322.47,49757.04,48222.0,48821.87
2021-08-22,48821.88,49500.0,48050.0,49239.22
2021-08-23,49239.22,50500.0,49029.0,49488.85
2021-08-24,49488.85,49860.0,47600.0,47674.01
2021-08-25,47674.01,49264.3,47126.28,48973.32
2021-08-26,48973.32,49352.84,46250.0,46843.87
2021-08-27,46843.86,49149.93,46348.0,49069.9
2021-08-28,49069.9,49299.0,48346.88,48895.35
2021-08-29,48895.35,49632.27,47762.54,48767.83
2021-08-30,48767.84,48888.61,46853.0,46982.91
2021-08-31,46982.91,48246.11,46700.0,47100.89
2021-09-01,47100.89,49156.0,46512.0,48810.52
2021-09-02,48810.51,50450.13,48584.06,49246.64
2021-09-03,49246.63,51000.0,48316.84,49999.14
2021-09-04,49998.0,50535.69,49370.0,49915.64
2021-09-05,49917.54,51900.0,49450.0,51756.88
2021-09-06,51756.88,52780.0,50969.33,52663.9
2021-09-07,52666.2,52920.0,42843.05,46863.73
2021-09-08,46868.57,47340.99,44412.02,46048.31
2021-09-09,46048.31,47399.97,45513.08,46395.14
2021-09-10,46395.14,47033.0,44132.29,44850.91
2021-09-11,44842.2,45987.93,44722.22,45173.69
2021-09-12,45173.68,46460.0,44742.06,46025.24
2021-09-13,46025.23,46880.0,43370.0,44940.73
2021-09-14,44940.72,47250.0,44594.44,47111.52
2021-09-15,47103.28,48500.0,46682.32,48121.41
2021-09-16,48121.4,48557.0,47021.1,47737.82
2021-09-17,47737.81,48150.0,46699.56,47299.98
2021-09-18,47299.98,48843.2,47035.56,48292.74
2021-09-19,48292.75,48372.83,46829.18,47241.75
2021-09-20,47241.75,47347.25,42500.0,43015.62
2021-09-21,43016.64,43639.0,39600.0,40734.38
2021-09-22,40734.09,44000.55,40565.39,43543.61
2021-09-23,43546.37,44978.0,43069.09,44865.26
2021-09-24,44865.26,45200.0,40675.0,42810.57
2021-09-25,42810.58,42966.84,41646.28,42670.64
2021-09-26,42670.63,43950.0,40750.0,43160.9
2021-09-27,43160.9,44350.0,42098.0,42147.35
2021-09-28,42147.35,42787.38,40888.0,41026.54
2021-09-29,41025.01,42590.0,40753.88,41524.28
2021-09-30,41524.29,44141.37,41410.17,43824.1
2021-10-01,43820.01,48495.0,43283.03,48141.61
2021-10-02,48141.6,48336.59,47430.18,47634.9
2021-10-03,47634.89,49228.08,47088.0,48200.01
2021-10-04,48200.01,49536.12,46891.0,49224.94
2021-10-05,49224.93,51886.3,49022.4,51471.99
2021-10-06,51471.99,55750.0,50382.41,55315.0
2021-10-07,55315.0,55332.31,53357.0,53785.22
2021-10-08,53785.22,56100.0,53617.61,53951.43
2021-10-09,53955.67,55489.0,53661.67,54949.72
2021-10-10,54949.72,56561.31,54080.0,54659.0
2021-10-11,54659.01,57839.04,54415.06,57471.35
2021-10-12,57471.35,57680.0,53879.0,55996.93
2021-10-13,55996.91,57777.0,54167.19,57367.0
2021-10-14,57370.83,58532.54,56818.05,57347.94
2021-10-15,57347.94,62933.0,56850.0,61672.42
2021-10-16,61672.42,62378.42,60150.0,60875.57
2021-10-17,60875.57,61718.39,58963.0,61528.33
2021-10-18,61528.32,62695.78,59844.45,62009.84
2021-10-19,62005.6,64486.0,61322.22,64280.59
2021-10-20,64280.59,67000.0,63481.4,66001.41
2021-10-21,66001.4,66639.74,62000.0,62193.15
2021-10-22,62193.15,63732.39,60000.0,60688.22
2021-10-23,60688.23,61747.64,59562.15,61286.75
2021-10-24,61286.75,61500.0,59510.63,60852.22
2021-10-25,60852.22,63710.63,60650.0,63078.78
2021-10-26,63078.78,63293.48,59817.55,60328.81
2021-10-27,60328.81,61496.0,58000.0,58413.44
2021-10-28,58413.44,62499.0,57820.0,60575.89
2021-10-29,60575.9,62980.0,60174.81,62253.71
2021-10-30,62253.7,62359.25,60673.0,61859.19
2021-10-31,61859.19,62405.3,59945.36,61299.8
2021-11-01,61299.81,62437.74,59405.0,60911.11
2021-11-02,60911.12,64270.0,60624.68,63219.99
2021-11-03,63220.57,63500.0,60382.76,62896.48
2021-11-04,62896.49,63086.31,60677.01,61395.01
2021-11-05,61395.01,62595.72,60721.0,60937.12
2021-11-06,60940.18,61560.49,60050.0,61470.61
2021-11-07,61470.62,63286.35,61322.78,63273.59
2021-11-08,63273.58,67789.0,63273.58,67525.83
2021-11-09,67525.82,68524.25,66222.4,66947.66
2021-11-10,66947.67,69000.0,62822.9,64882.43
2021-11-11,64882.42,65600.07,64100.0,64774.26
2021-11-12,64774.25,65450.7,62278.0,64122.23
2021-11-13,64122.22,65000.0,63360.22,64380.0
2021-11-14,64380.01,65550.51,63576.27,65519.1
2021-11-15,65519.11,66401.82,63400.0,63606.74
2021-11-16,63606.73,63617.31,58574.07,60058.87
2021-11-17,60058.87,60840.23,58373.0,60344.87
2021-11-18,60344.86,60976.0,56474.26,56891.62
2021-11-19,56891.62,58320.0,55600.0,58052.24
2021-11-20,58057.1,59845.0,57353.0,59707.51
2021-11-21,59707.52,60029.76,58486.65,58622.02
2021-11-22,58617.7,59444.0,55610.0,56247.18
2021-11-23,56243.83,58009.99,55317.0,57541.27
2021-11-24,57541.26,57735.0,55837.0,57138.29
2021-11-25,57138.29,59398.9,57000.0,58960.36
2021-11-26,58960.37,59150.0,53500.0,53726.53
2021-11-27,53723.72,55280.0,53610.0,54721.03
2021-11-28,54716.47,57445.05,53256.64,57274.88
2021-11-29,57274.89,58865.97,56666.67,57776.25
2021-11-30,57776.25,59176.99,55875.55,56950.56
2021-12-01,56950.56,59053.55,56458.01,57184.07
2021-12-02,57184.07,57375.47,55777.77,56480.34
2021-12-03,56484.26,57600.0,51680.0,53601.05
2021-12-04,53601.05,53859.1,42000.3,49152.47
2021-12-05,49152.46,49699.05,47727.21,49396.33
2021-12-06,49396.32,50891.11,47100.0,50441.92
2021-12-07,50441.91,51936.33,50039.74,50588.95
2021-12-08,50588.95,51200.0,48600.0,50471.19
2021-12-09,50471.19,50797.76,47320.0,47545.59
2021-12-10,47535.9,50125.0,46852.0,47140.54
2021-12-11,47140.54,49485.71,46751.0,49389.99
2021-12-12,49389.99,50777.0,48638.0,50053.9
2021-12-13,50053.9,50189.97,45672.75,46702.75
2021-12-14,46702.76,48700.41,46290.0,48343.28
2021-12-15,48336.95,49500.0,46547.0,48864.98
2021-12-16,48864.98,49436.43,47511.0,47632.38
2021-12-17,47632.38,47995.96,45456.0,46131.2
2021-12-18,46133.83,47392.37,45500.0,46834.48
2021-12-19,46834.47,48300.01,46406.91,46681.23
2021-12-20,46681.24,47537.57,45558.85,46914.16
2021-12-21,46914.17,49328.96,46630.0,48889.88
2021-12-22,48887.59,49576.13,48421.87,48588.16
2021-12-23,48588.17,51375.0,47920.42,50838.81
2021-12-24,50838.82,51810.0,50384.43,50820.0
2021-12-25,50819.99,51156.23,50142.32,50399.66
2021-12-26,50399.67,51280.0,49412.0,50775.49
2021-12-27,50775.48,52088.0,50449.0,50701.44
2021-12-28,50701.44,50704.05,47313.01,47543.74
2021-12-29,47543.74,48139.08,46096.99,46464.66
2021-12-30,46464.66,47900.0,45900.0,47120.87
2021-12-31,47120.88,48548.26,45678.0,46216.93
2022-01-01,46216.93,47954.63,46208.37,47722.65
2022-01-02,47722.66,47990.0,46654.0,47286.18
2022-01-03,47286.18,47570.0,45696.0,46446.1
2022-01-04,46446.1,47557.54,45500.0,45832.01
2022-01-05,45832.01,47070.0,42500.0,43451.13
2022-01-06,43451.14,43816.0,42430.58,43082.31
2022-01-07,43082.3,43145.83,40610.0,41566.48
2022-01-08,41566.48,42300.0,40501.0,41679.74
2022-01-09,41679.74,42786.7,41200.02,41864.62
2022-01-10,41864.62,42248.5,39650.0,41822.49
2022-01-11,41822.49,43100.0,41268.93,42729.29
2022-01-12,42729.29,44322.0,42450.0,43902.66
2022-01-13,43902.65,44500.0,42311.22,42560.11
2022-01-14,42558.35,43448.78,41725.95,43059.96
2022-01-15,43059.96,43800.0,42555.0,43084.29
2022-01-16,43084.29,43475.0,42581.79,43071.66
2022-01-17,43071.66,43176.18,41540.42,42201.62
2022-01-18,42201.63,42691.0,41250.0,42352.12
2022-01-19,42352.12,42559.13,41138.56,41660.01
2022-01-20,41660.0,43505.0,40553.31,40680.91
2022-01-21,40680.92,41100.0,35440.45,36445.31
2022-01-22,36445.31,36835.22,34008.0,35071.42
2022-01-23,35071.42,36499.0,34601.01,36244.55
2022-01-24,36244.55,37550.0,32917.17,36660.35
2022-01-25,36660.35,37545.14,35701.0,36958.32
2022-01-26,36958.32,38919.98,36234.63,36809.34
2022-01-27,36807.24,37234.47,35507.01,37160.1
2022-01-28,37160.11,38000.0,36155.01,37716.56
2022-01-29,37716.57,38720.74,37268.44,38166.84
2022-01-30,38166.83,38359.26,37351.63,37881.76
2022-01-31,37881.75,38744.0,36632.61,38466.9
2022-02-01,38466.9,39265.2,38000.0,38694.59
2022-02-02,38694.59,38855.92,36586.95,36896.36
2022-02-03,36896.37,37387.0,36250.0,37311.61
2022-02-04,37311.98,41772.33,37026.73,41574.25
2022-02-05,41571.7,41913.69,40843.01,41382.59
2022-02-06,41382.6,42656.0,41116.56,42380.87
2022-02-07,42380.87,44500.5,41645.85,43839.99
2022-02-08,43839.99,45492.0,42666.0,44042.99
2022-02-09,44043.0,44799.0,43117.92,44372.72
2022-02-10,44372.71,45821.0,43174.01,43495.44
2022-02-11,43495.44,43920.0,41938.51,42373.73
2022-02-12,42373.73,43079.49,41688.88,42217.87
2022-02-13,42217.87,42760.0,41870.0,42053.66
2022-02-14,42053.65,42842.4,41550.56,42535.94
2022-02-15,42535.94,44751.4,42427.03,44544.86
2022-02-16,44544.85,44549.97,43307.0,43873.56
2022-02-17,43873.56,44164.71,40073.21,40515.7
2022-02-18,40515.71,40959.88,39450.0,39974.44
2022-02-19,39974.45,40444.32,39639.03,40079.17
2022-02-20,40079.17,40125.44,38000.0,38386.89
2022-02-21,38386.89,39494.35,36800.0,37008.16
2022-02-22,37008.16,38429.0,36350.0,38230.33
2022-02-23,38230.33,39249.93,37036.79,37250.01
2022-02-24,37250.02,39843.0,34322.28,38327.21
2022-02-25,38328.68,39683.53,38014.37,39219.17
2022-02-26,39219.16,40348.45,38573.18,39116.72
2022-02-27,39116.73,39855.7,37000.0,37699.07
2022-02-28,37699.08,44225.84,37450.17,43160.0
2022-03-01,43160.0,44949.0,42809.98,44421.2
2022-03-02,44421.2,45400.0,43334.09,43892.98
2022-03-03,43892.99,44101.12,41832.28,42454.0
2022-03-04,42454.0,42527.3,38550.0,39148.66
2022-03-05,39148.65,39613.24,38407.59,39397.96
2022-03-06,39397.97,39693.87,38088.57,38420.81
2022-03-07,38420.8,39547.57,37155.0,37988.0
2022-03-08,37988.01,39362.08,37867.65,38730.63
2022-03-09,38730.63,42594.06,38656.45,41941.71
2022-03-10,41941.7,42039.63,38539.73,39422.0
2022-03-11,39422.01,40236.26,38223.6,38729.57
2022-03-12,38729.57,39486.71,38660.52,38807.36
2022-03-13,38807.35,39310.0,37578.51,37777.34
2022-03-14,37777.35,39947.12,37555.0,39671.37
2022-03-15,39671.37,39887.61,38098.33,39280.33
2022-03-16,39280.33,41718.0,38828.48,41114.0
2022-03-17,41114.01,41478.82,40500.0,40917.9
2022-03-18,40917.89,42325.02,40135.04,41757.51
2022-03-19,41757.51,42400.0,41499.29,42201.13
2022-03-20,42201.13,42296.26,40911.0,41262.11
2022-03-21,41262.11,41544.22,40467.94,41002.25
2022-03-22,41002.26,43361.0,40875.51,42364.13
2022-03-23,42364.13,43025.96,41751.47,42882.76
2022-03-24,42882.76,44220.89,42560.46,43991.46
2022-03-25,43991.46,45094.14,43579.0,44313.16
2022-03-26,44313.16,44792.99,44071.97,44511.27
2022-03-27,44511.27,46999.0,44421.46,46827.76
2022-03-28,46827.76,48189.84,46663.56,47122.21
2022-03-29,47122.21,48096.47,46950.85,47434.8
2022-03-30,47434.79,47700.22,46445.42,47067.99
2022-03-31,47067.99,47600.0,45200.0,45510.34
2022-04-01,45510.35,46720.09,44200.0,46283.49
2022-04-02,46283.49,47213.0,45620.0,45811.0
2022-04-03,45810.99,47444.11,45530.92,46407.35
2022-04-04,46407.36,46890.71,45118.0,46580.51
2022-04-05,46580.5,47200.0,45353.81,45497.55
2022-04-06,45497.54,45507.14,43121.0,43170.47
2022-04-07,43170.47,43900.99,42727.35,43444.19
2022-04-08,43444.2,43970.62,42107.14,42252.01
2022-04-09,42252.02,42800.0,42125.48,42753.97
2022-04-10,42753.96,43410.3,41868.0,42158.85
2022-04-11,42158.85,42414.71,39200.0,39530.45
2022-04-12,39530.45,40699.0,39254.63,40074.94
2022-04-13,40074.95,41561.31,39588.54,41147.79
2022-04-14,41147.78,41500.0,39551.94,39942.38
2022-04-15,39942.37,40870.36,39766.4,40551.9
2022-04-16,40551.9,40709.35,39991.55,40378.71
2022-04-17,40378.7,40595.67,39546.17,39678.12
2022-04-18,39678.11,41116.73,38536.51,40801.13
2022-04-19,40801.13,41760.0,40571.0,41493.18
2022-04-20,41493.19,42199.0,40820.0,41358.19
2022-04-21,41358.19,42976.0,39751.0,40480.01
2022-04-22,40480.01,40795.06,39177.0,39709.18
2022-04-23,39709.19,39980.0,39285.0,39441.6
2022-04-24,39441.61,39940.0,38929.62,39450.13
2022-04-25,39450.12,40616.0,38200.0,40426.08
2022-04-26,40426.08,40797.31,37702.26,38112.65
2022-04-27,38112.64,39474.72,37881.31,39235.72
2022-04-28,39235.72,40372.63,38881.43,39742.07
2022-04-29,39742.06,39925.25,38175.0,38596.11
2022-04-30,38596.11,38795.38,37578.2,37630.8
2022-05-01,37630.8,38675.0,37386.38,38468.35
2022-05-02,38468.35,39167.34,38052.0,38525.16
2022-05-03,38525.16,38651.51,37517.8,37728.95
2022-05-04,37728.95,40023.77,37670.0,39690.0
2022-05-05,39690.0,39845.51,35571.9,36552.97
2022-05-06,36552.97,36675.63,35258.0,36013.77
2022-05-07,36013.77,36146.3,34785.0,35472.39
2022-05-08,35472.4,35514.22,33713.95,34038.4
2022-05-09,34038.39,34243.15,30033.33,30076.31
2022-05-10,30074.23,32658.99,29730.4,31017.1
2022-05-11,31017.11,32162.59,27785.0,29103.94
2022-05-12,29103.94,30243.0,26700.0,29029.75
2022-05-13,29029.74,31083.37,28751.67,29287.05
2022-05-14,29287.05,30343.27,28630.0,30086.74
2022-05-15,30086.74,31460.0,29480.0,31328.89
2022-05-16,31328.89,31328.9,29087.04,29874.01
2022-05-17,29874.01,30788.37,29450.38,30444.93
2022-05-18,30444.93,30709.99,28654.47,28715.32
2022-05-19,28715.33,30545.18,28691.38,30319.23
2022-05-20,30319.22,30777.33,28730.0,29201.01
2022-05-21,29201.01,29656.18,28947.28,29445.06
2022-05-22,29445.07,30487.99,29255.11,30293.94
2022-05-23,30293.93,30670.51,28866.35,29109.15
2022-05-24,29109.14,29845.86,28669.0,29654.58
2022-05-25,29654.58,30223.74,29294.21,29542.15
2022-05-26,29542.14,29886.64,28019.56,29201.35
2022-05-27,29201.35,29397.66,28282.9,28629.8
2022-05-28,28629.81,29266.0,28450.0,29031.33
2022-05-29,29031.33,29587.78,28839.21,29468.1
2022-05-30,29468.1,32222.0,29299.62,31734.22
2022-05-31,31734.23,32399.0,31200.01,31801.04
2022-06-01,31801.05,31982.97,29301.0,29805.83
2022-06-02,29805.84,30689.0,29594.55,30452.62
2022-06-03,30452.63,30699.0,29282.36,29700.21
2022-06-04,29700.21,29988.88,29485.0,29864.04
2022-06-05,29864.03,30189.0,29531.42,29919.21
2022-06-06,29919.2,31765.64,29890.23,31373.1
2022-06-07,31373.1,31589.6,29218.96,31125.33
2022-06-08,31125.32,31327.22,29843.88,30204.77
2022-06-09,30204.77,30700.0,29944.1,30109.93
2022-06-10,30109.93,30382.8,28850.0,29091.88
2022-06-11,29091.87,29440.41,28099.99,28424.7
2022-06-12,28424.71,28544.96,26560.0,26574.53
2022-06-13,26574.53,26895.84,21925.77,22487.41
2022-06-14,22485.27,23362.88,20846.0,22136.41
2022-06-15,22136.42,22800.0,20111.62,22583.72
2022-06-16,22583.72,22995.73,20232.0,20401.31
2022-06-17,20400.6,21365.43,20246.66,20468.81
2022-06-18,20468.81,20792.06,17622.0,18970.79
2022-06-19,18970.79,20815.95,17960.41,20574.0
2022-06-20,20574.0,21090.0,19637.03,20573.89
2022-06-21,20573.9,21723.0,20348.4,20723.52
2022-06-22,20723.51,20900.0,19770.51,19987.99
2022-06-23,19988.0,21233.0,19890.07,21110.13
2022-06-24,21110.12,21558.41,20736.72,21237.69
2022-06-25,21237.68,21614.5,20906.62,21491.19
2022-06-26,21491.18,21888.0,20964.73,21038.07
2022-06-27,21038.08,21539.85,20510.0,20742.56
2022-06-28,20742.57,21212.1,20202.01,20281.29
2022-06-29,20281.28,20432.31,19854.92,20123.01
2022-06-30,20123.0,20179.08,18626.0,19942.21
2022-07-01,19942.21,20918.35,18975.0,19279.8
2022-07-02,19279.8,19467.39,18977.01,19252.81
2022-07-03,19252.82,19647.63,18781.0,19315.83
2022-07-04,19315.83,20354.01,19055.31,20236.71
2022-07-05,20236.71,20750.0,19304.4,20175.83
2022-07-06,20175.84,20675.22,19761.25,20564.51
2022-07-07,20564.51,21838.1,20251.68,21624.98
2022-07-08,21624.99,22527.37,21189.26,21594.75
2022-07-09,21594.75,21980.0,21322.12,21591.83
2022-07-10,21592.15,21607.65,20655.0,20862.47
2022-07-11,20861.11,20868.48,19875.23,19963.61
2022-07-12,19963.61,20059.42,19240.0,19328.75
2022-07-13,19331.28,20366.61,18910.94,20234.87
2022-07-14,20234.87,20900.0,19616.07,20588.84
2022-07-15,20588.84,21200.0,20382.29,20830.04
2022-07-16,20830.04,21588.94,20478.61,21195.6
2022-07-17,21195.6,21684.54,20750.01,20798.16
2022-07-18,20799.58,22777.63,20762.45,22432.58
2022-07-19,22432.58,23800.0,21579.54,23396.62
2022-07-20,23398.48,24276.74,22906.19,23223.3
2022-07-21,23223.3,23442.77,22341.46,23152.19
2022-07-22,23152.19,23756.49,22500.0,22684.83
2022-07-23,22684.83,23000.77,21934.57,22451.07
2022-07-24,22448.58,23014.64,22257.15,22579.68
2022-07-25,22577.13,22666.0,21250.0,21310.9
2022-07-26,21310.9,21347.82,20706.5,21254.67
2022-07-27,21254.67,23112.63,21042.53,22952.45
2022-07-28,22954.31,24199.72,22582.13,23842.93
2022-07-29,23845.25,24442.66,23414.03,23773.75
2022-07-30,23777.28,24668.0,23502.25,23643.51
2022-07-31,23644.64,24194.82,23227.31,23293.32
2022-08-01,23296.36,23509.68,22850.0,23268.01
2022-08-02,23266.9,23459.89,22654.37,22987.79
2022-08-03,22985.93,23647.68,22681.22,22818.37
2022-08-04,22816.91,23223.32,22400.0,22622.98
2022-08-05,22622.41,23472.86,22586.95,23312.42
2022-08-06,23313.56,23354.36,22909.52,22954.21
2022-08-07,22954.21,23402.0,22844.62,23174.39
2022-08-08,23174.39,24245.0,23154.25,23810.0
2022-08-09,23810.98,23933.25,22865.0,23149.95
2022-08-10,23151.32,24226.0,22664.69,23954.05
2022-08-11,23954.05,24918.54,23852.13,23934.39
2022-08-12,23933.09,24456.5,23583.0,24403.68
2022-08-13,24401.7,24888.0,24291.22,24441.38
2022-08-14,24443.06,25047.56,24144.0,24305.24
2022-08-15,24305.25,25211.32,23773.22,24094.82
2022-08-16,24093.04,24247.49,23671.22,23854.74
2022-08-17,23856.15,24446.71,23180.4,23342.66
2022-08-18,23342.66,23600.0,23111.04,23191.2
2022-08-19,23191.45,23208.67,20783.57,20834.39
2022-08-20,20834.39,21382.85,20761.9,21140.07
2022-08-21,21140.07,21800.0,21069.11,21515.61
2022-08-22,21516.7,21548.71,20890.18,21399.83
2022-08-23,21400.75,21684.87,20890.14,21529.12
2022-08-24,21529.11,21900.0,21145.0,21368.08
2022-08-25,21368.05,21819.88,21310.15,21559.04
2022-08-26,21559.04,21886.77,20107.9,20241.05
2022-08-27,20239.14,20402.93,19800.0,20037.6
2022-08-28,20037.6,20171.18,19520.0,19555.61
2022-08-29,19555.61,20433.62,19550.79,20285.73
2022-08-30,20287.2,20576.25,19540.0,19811.66
2022-08-31,19813.03,20490.0,19797.94,20050.02
2022-09-01,20048.44,20208.37,19565.66,20131.46
2022-09-02,20132.64,20441.26,19755.29,19951.86
2022-09-03,19950.98,20055.93,19652.72,19831.9
2022-09-04,19832.45,20029.23,19583.1,20000.3
2022-09-05,20000.3,20057.27,19633.83,19796.84
2022-09-06,19795.34,20180.0,18649.51,18790.61
2022-09-07,18790.61,19464.06,18510.77,19292.84
2022-09-08,19292.85,19458.25,19012.0,19319.77
2022-09-09,19320.54,21597.22,19291.75,21360.11
2022-09-10,21361.62,21810.8,21111.13,21648.34
2022-09-11,21647.21,21860.0,21350.0,21826.87
2022-09-12,21826.87,22488.0,21538.51,22395.74
2022-09-13,22395.44,22799.0,19860.0,20173.57
2022-09-14,20173.62,20541.48,19617.62,20226.71
2022-09-15,20227.17,20330.24,19497.0,19701.88
2022-09-16,19701.88,19890.0,19320.01,19803.3
2022-09-17,19803.3,20189.0,19748.08,20113.62
2022-09-18,20112.61,20117.26,19335.62,19416.18
2022-09-19,19417.45,19686.2,18232.56,19537.02
2022-09-20,19537.02,19634.62,18711.87,18875.0
2022-09-21,18874.31,19956.0,18125.98,18461.36
2022-09-22,18461.36,19550.17,18356.39,19401.63
2022-09-23,19401.63,19500.0,18531.42,19289.91
2022-09-24,19288.57,19316.14,18805.34,18920.5
2022-09-25,18921.99,19180.21,18629.2,18807.38
2022-09-26,18809.13,19318.96,18680.72,19227.82
2022-09-27,19226.68,20385.86,18816.32,19079.13
2022-09-28,19078.1,19790.0,18471.28,19412.82
2022-09-29,19412.82,19645.52,18843.01,19591.51
2022-09-30,19590.54,20185.0,19155.36,19422.61
2022-10-01,19422.61,19484.0,19159.42,19310.95
2022-10-02,19312.24,19395.91,18920.35,19056.8
2022-10-03,19057.74,19719.1,18959.68,19629.08
2022-10-04,19629.08,20475.0,19490.6,20337.82
2022-10-05,20337.82,20365.6,19730.0,20158.26
2022-10-06,20158.26,20456.6,19853.0,19960.67
2022-10-07,19960.67,20068.82,19320.0,19530.09
2022-10-08,19530.09,19627.38,19237.14,19417.96
2022-10-09,19416.52,19558.0,19316.04,19439.02
2022-10-10,19439.96,19525.0,19020.25,19131.87
2022-10-11,19131.87,19268.09,18860.0,19060.0
2022-10-12,19060.0,19238.31,18965.88,19155.53
2022-10-13,19155.1,19513.79,18190.0,19375.13
2022-10-14,19375.58,19951.87,19070.37,19176.93
2022-10-15,19176.93,19227.68,18975.18,19069.39
2022-10-16,19068.4,19425.84,19063.74,19262.98
2022-10-17,19262.98,19676.96,19152.03,19549.86
2022-10-18,19548.48,19706.66,19091.0,19327.44
2022-10-19,19327.44,19360.16,19065.97,19123.97
2022-10-20,19123.35,19347.82,18900.0,19041.92
2022-10-21,19041.92,19250.0,18650.0,19164.37
2022-10-22,19164.37,19257.0,19112.72,19204.35
2022-10-23,19204.29,19695.0,19070.11,19570.4
2022-10-24,19570.4,19601.15,19157.0,19329.72
2022-10-25,19330.6,20415.87,19237.0,20080.07
2022-10-26,20079.02,21020.0,20050.41,20771.59
2022-10-27,20771.61,20872.21,20200.0,20295.11
2022-10-28,20295.11,20750.0,20000.09,20591.84
2022-10-29,20591.84,21085.0,20554.01,20809.67
2022-10-30,20809.68,20931.21,20515.0,20627.48
2022-10-31,20627.48,20845.92,20237.95,20490.74
2022-11-01,20490.74,20700.0,20330.74,20483.62
2022-11-02,20482.81,20800.0,20048.04,20151.84
2022-11-03,20151.84,20393.32,20031.24,20207.82
2022-11-04,20207.12,21302.05,20180.96,21148.52
2022-11-05,21148.52,21480.65,21080.65,21299.37
2022-11-06,21299.37,21365.27,20886.13,20905.58
2022-11-07,20905.58,21069.77,20384.89,20591.13
2022-11-08,20590.67,20700.88,17166.83,18547.23
2022-11-09,18545.38,18587.76,15588.0,15922.81
2022-11-10,15922.68,18199.0,15754.26,17601.15
2022-11-11,17602.45,17695.0,16361.6,17070.31
2022-11-12,17069.98,17119.1,16631.39,16812.08
2022-11-13,16813.16,16954.28,16229.0,16329.85
2022-11-14,16331.78,17190.0,15815.21,16619.46
2022-11-15,16617.72,17134.69,16527.72,16900.57
2022-11-16,16900.57,17015.92,16378.61,16662.76
2022-11-17,16661.61,16751.0,16410.74,16692.56
2022-11-18,16692.56,17011.0,16546.04,16700.45
2022-11-19,16699.43,16822.41,16553.53,16700.68
2022-11-20,16700.68,16753.33,16180.0,16280.23
2022-11-21,16279.5,16319.0,15476.0,15781.29
2022-11-22,15781.29,16315.0,15616.63,16226.94
2022-11-23,16227.96,16706.0,16160.2,16603.11
2022-11-24,16603.11,16812.63,16458.05,16598.95
2022-11-25,16599.55,16666.0,16342.81,16522.14
2022-11-26,16521.35,16701.99,16385.0,16458.57
2022-11-27,16457.61,16600.0,16401.0,16428.78
2022-11-28,16428.77,16487.04,15995.27,16212.91
2022-11-29,16212.18,16548.71,16100.0,16442.53
2022-11-30,16442.91,17249.0,16428.3,17163.64
2022-12-01,17165.53,17324.0,16855.01,16977.37
2022-12-02,16978.0,17105.73,16787.85,17092.74
2022-12-03,17092.13,17188.98,16858.74,16885.2
2022-12-04,16885.2,17202.84,16878.25,17105.7
2022-12-05,17106.65,17424.25,16867.0,16966.35
2022-12-06,16966.35,17107.01,16906.37,17088.96
2022-12-07,17088.96,17142.21,16678.83,16836.64
2022-12-08,16836.64,17299.0,16733.49,17224.1
2022-12-09,17224.1,17360.0,17058.21,17128.56
2022-12-10,17128.56,17227.72,17092.0,17127.49
2022-12-11,17127.49,17270.99,17071.0,17085.05
2022-12-12,17085.05,17241.89,16871.85,17209.83
2022-12-13,17208.93,18000.0,17080.14,17774.7
2022-12-14,17775.82,18387.95,17660.94,17803.15
2022-12-15,17804.01,17854.82,17275.51,17356.34
2022-12-16,17356.96,17531.73,16527.32,16632.12
2022-12-17,16631.5,16796.82,16579.85,16776.52
2022-12-18,16777.54,16863.26,16663.07,16738.21
2022-12-19,16739.0,16815.99,16256.3,16438.88
2022-12-20,16438.88,17061.27,16397.2,16895.56
2022-12-21,16896.15,16925.0,16723.0,16824.67
2022-12-22,16824.68,16868.52,16559.85,16821.43
2022-12-23,16821.9,16955.14,16731.13,16778.5
2022-12-24,16778.52,16869.99,16776.62,16836.12
2022-12-25,16835.73,16857.96,16721.0,16832.11
2022-12-26,16832.11,16944.52,16791.0,16919.39
2022-12-27,16919.39,16972.83,16592.37,16706.36
2022-12-28,16706.06,16785.19,16465.33,16547.31
2022-12-29,16547.32,16664.41,16488.91,16633.47
2022-12-30,16633.47,16677.35,16333.0,16607.48
2022-12-31,16607.48,16644.09,16470.0,16542.4
2023-01-01,16541.77,16628.0,16499.01,16616.75
2023-01-02,16617.17,16799.23,16548.7,16672.87
2023-01-03,16672.78,16778.4,16605.28,16675.18
2023-01-04,16675.65,16991.87,16652.66,16850.36
2023-01-05,16850.36,16879.82,16753.0,16831.85
2023-01-06,16831.85,17041.0,16679.0,16950.65
2023-01-07,16950.31,16981.91,16908.0,16943.57
2023-01-08,16943.83,17176.99,16911.0,17127.83
2023-01-09,17127.83,17398.8,17104.66,17178.26
2023-01-10,17179.04,17499.0,17146.34,17440.66
2023-01-11,17440.64,18000.0,17315.6,17943.26
2023-01-12,17943.26,19117.04,17892.05,18846.62
2023-01-13,18846.62,20000.0,18714.12,19930.01
2023-01-14,19930.01,21258.0,19888.05,20954.92
2023-01-15,20952.76,21050.74,20551.01,20871.5
2023-01-16,20872.99,21474.05,20611.48,21185.65
2023-01-17,21185.65,21647.45,20841.31,21134.81
2023-01-18,21132.29,21650.0,20407.15,20677.47
2023-01-19,20677.47,21192.0,20659.19,21071.59
2023-01-20,21071.59,22755.93,20861.28,22667.21
2023-01-21,22666.0,23371.8,22422.0,22783.55
2023-01-22,22783.35,23078.71,22292.37,22707.88
2023-01-23,22706.02,23180.0,22500.0,22916.45
2023-01-24,22917.81,23162.2,22462.93,22632.89
2023-01-25,22631.94,23816.73,22300.0,23060.94
2023-01-26,23060.42,23282.47,22850.01,23009.65
2023-01-27,23009.65,23500.0,22534.88,23074.16
2023-01-28,23074.16,23189.0,22878.46,23022.6
2023-01-29,23021.4,23960.54,22967.76,23742.3
2023-01-30,23743.37,23800.51,22500.0,22826.15
2023-01-31,22827.38,23320.0,22714.77,23125.13
2023-02-01,23125.13,23812.66,22760.23,23732.66
2023-02-02,23731.41,24255.0,23363.27,23488.94
2023-02-03,23489.33,23715.7,23204.62,23431.9
2023-02-04,23431.9,23587.78,23253.96,23326.84
2023-02-05,23327.66,23433.33,22743.0,22932.91
2023-02-06,22932.91,23158.25,22628.13,22762.52
2023-02-07,22762.52,23350.25,22745.78,23240.46
2023-02-08,23242.42,23452.0,22665.85,22963.0
2023-02-09,22961.85,23011.39,21688.0,21796.35
2023-02-10,21797.83,21938.16,21451.0,21625.19
2023-02-11,21625.19,21906.32,21599.78,21862.55
2023-02-12,21862.02,22090.0,21630.0,21783.54
2023-02-13,21782.37,21894.99,21351.07,21773.97
2023-02-14,21774.63,22319.08,21532.77,22199.84
2023-02-15,22199.84,24380.0,22047.28,24324.05
2023-02-16,24322.87,25250.0,23505.25,23517.72
2023-02-17,23517.72,25021.11,23339.37,24569.97
2023-02-18,24568.24,24877.0,24430.0,24631.95
2023-02-19,24632.05,25192.0,24192.57,24271.76
2023-02-20,24272.51,25121.23,23840.83,24842.2
2023-02-21,24843.89,25250.0,24148.34,24452.16
2023-02-22,24450.67,24476.05,23574.69,24182.21
2023-02-23,24182.21,24599.59,23608.0,23940.2
2023-02-24,23940.2,24132.35,22841.19,23185.29
2023-02-25,23184.04,23219.13,22722.0,23157.07
2023-02-26,23157.07,23689.99,23059.18,23554.85
2023-02-27,23554.85,23897.99,23106.77,23492.09
2023-02-28,23492.09,23600.0,23020.97,23141.57
2023-03-01,23141.57,24000.0,23020.03,23628.97
2023-03-02,23629.76,23796.93,23195.9,23465.32
2023-03-03,23465.32,23476.95,21971.13,22354.34
2023-03-04,22354.34,22410.0,22157.08,22346.57
2023-03-05,22346.57,22662.09,22189.22,22430.24
2023-03-06,22430.24,22602.19,22258.0,22410.0
2023-03-07,22409.41,22557.91,21927.0,22197.96
2023-03-08,22198.56,22287.0,21580.0,21705.44
2023-03-09,21704.37,21834.99,20042.72,20362.22
2023-03-10,20362.21,20367.78,19549.09,20150.69
2023-03-11,20150.69,20686.51,19765.03,20455.73
2023-03-12,20455.73,22150.0,20270.6,21997.11
2023-03-13,21998.05,24500.0,21813.88,24113.48
2023-03-14,24112.27,26386.87,23976.42,24670.41
2023-03-15,24670.41,25196.97,23896.95,24285.66
2023-03-16,24285.66,25167.4,24123.0,24998.78
2023-03-17,24998.78,27756.84,24890.0,27395.13
2023-03-18,27395.13,27724.85,26578.0,26907.49
2023-03-19,26907.49,28390.1,26827.22,27972.87
2023-03-20,27972.87,28472.0,27124.47,27717.01
2023-03-21,27717.01,28438.55,27303.1,28105.47
2023-03-22,28107.81,28868.05,26601.8,27250.97
2023-03-23,27250.97,28750.0,27105.0,28295.41
2023-03-24,28295.42,28374.3,27000.0,27454.47
2023-03-25,27454.46,27787.33,27156.09,27462.95
2023-03-26,27462.96,28194.4,27417.76,27968.05
2023-03-27,27968.05,28023.86,26508.14,27124.91
2023-03-28,27124.9,27520.0,26631.78,27261.07
2023-03-29,27261.06,28650.0,27240.1,28348.6
2023-03-30,28348.6,29184.68,27686.0,28028.53
2023-03-31,28028.53,28656.69,27511.71,28465.36
2023-04-01,28465.36,28819.71,28220.27,28452.73
2023-04-02,28452.74,28530.0,27856.43,28171.87
2023-04-03,28171.87,28500.99,27200.24,27800.0
2023-04-04,27800.0,28444.44,27662.79,28165.47
2023-04-05,28165.47,28775.0,27805.1,28170.01
2023-04-06,28170.01,28182.05,27711.0,28033.82
2023-04-07,28033.83,28100.0,27766.94,27906.33
2023-04-08,27906.34,28154.99,27859.02,27938.38
2023-04-09,27938.38,28530.0,27800.0,28323.76
2023-04-10,28323.76,29770.0,28170.0,29637.34
2023-04-11,29637.35,30550.0,29590.0,30200.42
2023-04-12,30200.43,30486.0,29637.4,29888.07
2023-04-13,29888.07,30595.0,29854.59,30373.84
2023-04-14,30373.84,31000.0,29966.0,30466.93
2023-04-15,30466.93,30595.6,30202.0,30295.09
2023-04-16,30295.1,30549.99,30120.0,30304.65
2023-04-17,30304.66,30316.06,29240.65,29430.27
2023-04-18,29430.27,30485.0,29096.78,30380.01
2023-04-19,30380.01,30413.53,28520.0,28797.1
2023-04-20,28797.1,29088.3,28010.0,28243.65
2023-04-21,28243.65,28374.02,27125.0,27262.84
2023-04-22,27262.84,27882.72,27140.35,27816.85
2023-04-23,27816.85,27816.85,27311.25,27590.6
2023-04-24,27590.59,28000.0,26942.82,27510.93
2023-04-25,27510.93,28399.99,27192.0,28300.79
2023-04-26,28300.8,30036.0,27235.0,28415.29
2023-04-27,28415.29,29890.0,28378.86,29472.77
2023-04-28,29472.77,29599.54,28891.0,29311.7
2023-04-29,29311.69,29448.88,29031.0,29230.45
2023-04-30,29230.45,29969.39,29079.59,29233.21
2023-05-01,29233.2,29337.34,27666.95,28068.26
2023-05-02,28068.26,28879.88,27872.0,28669.86
2023-05-03,28669.85,29266.66,28113.69,29026.16
2023-05-04,29026.16,29379.83,28663.64,28838.16
2023-05-05,28838.16,29677.0,28800.0,29505.61
2023-05-06,29505.6,29820.0,28300.0,28848.2
2023-05-07,28848.19,29138.29,28395.23,28430.1
2023-05-08,28430.09,28631.01,27262.0,27668.79
2023-05-09,27668.8,27818.0,27353.0,27628.27
2023-05-10,27628.28,28331.42,26777.0,27598.75
2023-05-11,27598.74,27630.14,26702.05,26968.62
2023-05-12,26968.61,27091.12,25811.46,26795.01
2023-05-13,26795.01,27045.45,26692.03,26775.28
2023-05-14,26775.27,27200.0,26560.53,26917.62
2023-05-15,26917.61,27663.59,26726.0,27162.14
2023-05-16,27162.15,27296.89,26852.11,27033.84
2023-05-17,27033.85,27500.0,26544.71,27405.61
2023-05-18,27405.62,27485.33,26361.2,26821.28
2023-05-19,26821.28,27183.6,26630.0,26880.26
2023-05-20,26880.26,27150.0,26825.11,27102.43
2023-05-21,27102.42,27277.55,26666.03,26747.78
2023-05-22,26747.78,27099.89,26538.21,26849.27
2023-05-23,26849.28,27495.83,26798.11,27219.61
2023-05-24,27219.61,27219.61,26080.5,26329.01
2023-05-25,26329.0,26631.98,25871.89,26473.79
2023-05-26,26473.8,26932.16,26327.24,26705.92
2023-05-27,26705.93,26895.0,26551.0,26854.27
2023-05-28,26854.28,28261.32,26764.36,28065.0
2023-05-29,28065.01,28447.14,27524.6,27736.4
2023-05-30,27736.39,28038.59,27554.0,27694.4
2023-05-31,27694.39,27835.51,26839.01,27210.35
2023-06-01,27210.36,27350.0,26605.05,26817.93
2023-06-02,26817.93,27300.0,26505.0,27242.59
2023-06-03,27242.59,27333.29,26914.93,27069.22
2023-06-04,27069.22,27455.02,26951.0,27115.21
2023-06-05,27115.2,27129.33,25388.0,25728.2
2023-06-06,25728.2,27355.33,25351.02,27230.08
2023-06-07,27230.07,27391.77,26125.01,26339.34
2023-06-08,26339.34,26810.0,26210.0,26498.61
2023-06-09,26498.62,26783.33,26269.91,26477.81
2023-06-10,26477.8,26533.87,25358.0,25841.21
2023-06-11,25841.22,26206.88,25634.7,25925.55
2023-06-12,25925.54,26106.48,25602.11,25905.19
2023-06-13,25905.2,26433.21,25712.57,25934.25
2023-06-14,25934.24,26098.0,24820.56,25128.6
2023-06-15,25128.6,25759.01,24800.0,25598.49
2023-06-16,25598.49,26518.0,25175.56,26345.0
2023-06-17,26345.01,26839.99,26181.0,26516.99
2023-06-18,26516.99,26700.0,26255.85,26339.97
2023-06-19,26339.98,27068.09,26256.61,26844.35
2023-06-20,26844.35,28402.74,26652.0,28307.99
2023-06-21,28308.0,30800.0,28257.99,29993.89
2023-06-22,29993.89,30500.0,29525.61,29884.92
2023-06-23,29884.92,31431.94,29800.0,30688.5
2023-06-24,30688.51,30800.0,30250.0,30527.43
2023-06-25,30527.44,31046.01,30277.49,30462.66
2023-06-26,30462.67,30666.0,29930.0,30267.99
2023-06-27,30267.99,30994.97,30226.17,30692.44
2023-06-28,30692.44,30709.74,29858.8,30077.41
2023-06-29,30077.4,30843.98,30049.98,30447.31
2023-06-30,30447.31,31282.0,29500.0,30472.0
2023-07-01,30471.99,30661.6,30320.57,30585.9
2023-07-02,30585.9,30791.0,30155.0,30617.03
2023-07-03,30617.02,31380.0,30570.27,31156.2
2023-07-04,31156.2,31350.69,30620.0,30766.51
2023-07-05,30766.52,30878.07,30200.0,30504.81
2023-07-06,30504.8,31500.0,29850.45,29895.43
2023-07-07,29895.42,30449.0,29701.02,30344.7
2023-07-08,30344.7,30386.81,30044.47,30284.63
2023-07-09,30284.63,30445.52,30061.12,30160.71
2023-07-10,30160.71,31045.78,29950.0,30411.57
2023-07-11,30411.57,30813.63,30300.0,30622.1
2023-07-12,30622.1,30983.25,30210.0,30380.0
2023-07-13,30380.0,31804.2,30251.0,31454.23
2023-07-14,31454.23,31630.0,29900.0,30312.01
2023-07-15,30312.0,30390.9,30200.0,30289.52
2023-07-16,30289.52,30441.46,30064.29,30231.99
2023-07-17,30232.0,30336.96,29659.2,30138.0
2023-07-18,30138.01,30239.78,29512.0,29859.13
2023-07-19,29859.14,30189.09,29761.96,29909.21
2023-07-20,29909.21,30417.46,29570.96,29800.0
2023-07-21,29800.0,30061.7,29726.34,29901.72
2023-07-22,29901.72,29999.0,29625.1,29794.0
2023-07-23,29793.99,30350.0,29730.0,30083.75
2023-07-24,30083.75,30099.58,28861.9,29176.5
2023-07-25,29176.5,29376.0,29047.65,29228.91
2023-07-26,29228.91,29690.0,29096.94,29351.96
2023-07-27,29351.95,29567.49,29083.85,29222.78
2023-07-28,29222.78,29542.22,29123.12,29314.14
2023-07-29,29314.14,29406.92,29256.18,29352.9
2023-07-30,29352.9,29449.0,29033.24,29281.09
2023-07-31,29281.09,29530.0,29101.8,29232.25
2023-08-01,29232.26,29739.25,28585.7,29705.99
2023-08-02,29705.99,30047.5,28927.5,29186.01
2023-08-03,29186.0,29433.33,28968.0,29193.64
2023-08-04,29193.65,29333.08,28807.54,29113.99
2023-08-05,29114.0,29152.23,28978.64,29072.13
2023-08-06,29072.13,29205.09,28991.88,29088.42
2023-08-07,29088.43,29276.78,28701.03,29211.06
2023-08-08,29211.06,30244.0,29146.45,29770.42
2023-08-09,29770.41,30160.0,29376.67,29581.99
2023-08-10,29581.99,29738.0,29320.2,29455.75
2023-08-11,29455.76,29564.52,29252.45,29426.03
2023-08-12,29426.02,29481.35,29381.56,29430.17
2023-08-13,29430.18,29474.65,29272.32,29303.84
2023-08-14,29303.85,29695.32,29102.45,29430.93
2023-08-15,29430.92,29499.26,29059.6,29200.0
2023-08-16,29200.01,29259.85,28723.08,28730.51
2023-08-17,28730.51,28783.48,25166.0,26623.41
2023-08-18,26623.41,26832.6,25619.0,26054.0
2023-08-19,26054.0,26281.0,25801.09,26100.01
2023-08-20,26100.01,26299.0,25971.05,26189.99
2023-08-21,26190.0,26258.42,25812.0,26126.92
2023-08-22,26126.92,26139.42,25300.0,26056.0
2023-08-23,26055.99,26819.27,25812.82,26432.72
2023-08-24,26432.71,26577.87,25864.0,26180.05
2023-08-25,26180.05,26314.05,25777.15,26060.01
2023-08-26,26060.0,26125.77,25985.92,26017.37
2023-08-27,26017.38,26182.23,25966.11,26101.77
2023-08-28,26101.78,26253.99,25864.5,26120.0
2023-08-29,26120.0,28142.85,25922.0,27716.34
2023-08-30,27716.34,27768.57,27017.24,27299.99
2023-08-31,27299.99,27587.51,25655.01,25940.78
2023-09-01,25940.77,26156.0,25333.75,25805.05
2023-09-02,25805.04,25987.5,25752.47,25869.51
2023-09-03,25869.52,26135.0,25800.0,25971.21
2023-09-04,25971.21,26108.02,25631.21,25826.02
2023-09-05,25826.03,25915.49,25562.62,25792.1
2023-09-06,25792.11,26040.0,25372.51,25759.95
2023-09-07,25759.95,26443.14,25615.38,26255.0
2023-09-08,26255.0,26445.5,25647.26,25910.5
2023-09-09,25910.5,25945.09,25796.64,25901.61
2023-09-10,25901.6,26033.66,25570.57,25841.61
2023-09-11,25841.6,25900.69,24901.0,25162.52
2023-09-12,25162.53,26567.0,25131.48,25840.1
2023-09-13,25840.1,26405.22,25764.17,26222.0
2023-09-14,26222.0,26860.49,26126.77,26522.73
2023-09-15,26522.73,26888.0,26224.0,26600.0
2023-09-16,26599.99,26777.0,26445.0,26559.67
2023-09-17,26559.67,26623.25,26399.0,26527.51
2023-09-18,26527.5,27409.0,26377.35,26762.51
2023-09-19,26762.5,27483.57,26667.79,27210.26
2023-09-20,27210.25,27388.63,26800.0,27125.0
2023-09-21,27125.01,27159.6,26377.7,26568.08
2023-09-22,26568.08,26743.38,26468.77,26580.14
2023-09-23,26580.14,26632.81,26509.0,26575.96
2023-09-24,26575.97,26738.54,26122.08,26248.38
2023-09-25,26248.39,26446.15,25990.46,26304.81
2023-09-26,26304.8,26397.46,26088.34,26221.67
2023-09-27,26221.68,26850.0,26112.06,26372.99
2023-09-28,26373.0,27308.48,26342.4,27021.39
2023-09-29,27021.39,27244.89,26665.16,26906.96
2023-09-30,26906.96,27094.99,26886.31,26962.56
2023-10-01,26962.57,28065.51,26954.09,27992.57
2023-10-02,27992.58,28580.0,27281.44,27494.51
2023-10-03,27494.51,27676.52,27160.5,27426.46
2023-10-04,27426.45,27839.72,27202.0,27778.57
2023-10-05,27778.57,28120.39,27352.0,27410.39
2023-10-06,27410.39,28295.0,27175.94,27931.09
2023-10-07,27931.1,28029.67,27842.08,27956.67
2023-10-08,27956.67,28095.14,27687.5,27917.05
2023-10-09,27917.06,27987.93,27260.0,27590.12
2023-10-10,27590.12,27735.0,27298.0,27390.12
2023-10-11,27390.12,27477.39,26538.66,26875.52
2023-10-12,26875.52,26947.04,26555.0,26759.63
2023-10-13,26759.63,27130.0,26685.0,26862.0
2023-10-14,26862.0,26989.58,26789.0,26852.48
2023-10-15,26852.48,27293.33,26808.25,27154.15
2023-10-16,27154.14,30000.0,27112.66,28500.78
2023-10-17,28500.77,28613.65,28069.32,28395.91
2023-10-18,28395.91,28982.36,28142.87,28320.0
2023-10-19,28320.0,28916.89,28100.66,28713.71
2023-10-20,28713.71,30207.55,28578.29,29669.04
2023-10-21,29669.05,30379.99,29464.77,29909.8
2023-10-22,29909.8,30248.0,29640.0,29992.46
2023-10-23,29992.46,34741.91,29883.6,33069.99
2023-10-24,33069.99,35280.0,32832.34,33922.73
2023-10-25,33922.73,35132.85,33679.05,34496.05
2023-10-26,34496.05,34824.13,33751.0,34151.66
2023-10-27,34151.66,34245.0,33390.95,33892.02
2023-10-28,33892.01,34493.33,33860.0,34081.0
2023-10-29,34081.01,34750.11,33930.0,34525.89
2023-10-30,34525.88,34856.0,34062.84,34474.73
2023-10-31,34474.74,34720.49,34025.0,34639.77
2023-11-01,34639.78,35582.0,34097.39,35421.43
2023-11-02,35421.43,35984.99,34300.0,34941.59
2023-11-03,34941.58,34946.5,34120.0,34716.78
2023-11-04,34716.78,35255.0,34585.18,35062.07
2023-11-05,35062.06,35380.0,34448.0,35011.88
2023-11-06,35011.89,35276.33,34725.9,35046.09
2023-11-07,35046.09,35888.0,34523.06,35399.12
2023-11-08,35399.13,36106.0,35100.0,35624.72
2023-11-09,35624.72,37972.24,35534.05,36701.09
2023-11-10,36701.1,37526.0,36324.71,37301.63
2023-11-11,37301.63,37408.26,36666.93,37130.0
2023-11-12,37129.99,37222.22,36731.1,37064.13
2023-11-13,37064.13,37417.99,36333.0,36462.93
2023-11-14,36462.93,36744.0,34800.0,35551.19
2023-11-15,35551.2,37980.0,35360.0,37858.2
2023-11-16,37858.2,37929.54,35500.0,36163.51
2023-11-17,36163.51,36800.0,35861.1,36613.92
2023-11-18,36613.91,36845.49,36178.58,36568.1
2023-11-19,36568.11,37500.0,36384.02,37359.86
2023-11-20,37359.85,37750.0,36677.0,37448.78
2023-11-21,37448.79,37649.44,35735.0,35741.65
2023-11-22,35741.65,37861.1,35632.01,37408.34
2023-11-23,37408.35,37653.44,36870.0,37294.28
2023-11-24,37294.27,38414.0,37251.51,37713.57
2023-11-25,37713.57,37888.0,37591.1,37780.67
2023-11-26,37780.67,37814.63,37150.0,37447.43
2023-11-27,37447.42,37569.23,36707.0,37242.7
2023-11-28,37242.7,38377.0,36868.41,37818.87
2023-11-29,37818.88,38450.0,37570.0,37854.64
2023-11-30,37854.65,38145.85,37500.0,37723.96
2023-12-01,37723.97,38999.0,37615.86,38682.52
2023-12-02,38682.51,39717.14,38641.61,39450.35
2023-12-03,39450.35,40250.0,39274.86,39972.26
2023-12-04,39972.26,42420.0,39972.26,41991.1
2023-12-05,41991.1,44488.0,41414.0,44073.32
2023-12-06,44073.82,44297.21,43335.28,43762.69
2023-12-07,43762.69,44047.33,42821.1,43273.14
2023-12-08,43273.15,44700.0,43081.1,44170.99
2023-12-09,44171.0,44358.02,43584.51,43713.6
2023-12-10,43713.59,44049.0,43563.0,43789.51
2023-12-11,43789.5,43804.5,40222.0,41253.4
2023-12-12,41253.41,42104.12,40680.0,41492.39
2023-12-13,41492.38,43475.2,40555.0,42869.03
2023-12-14,42869.03,43420.0,41400.0,43022.26
2023-12-15,43022.26,43080.81,41666.0,41940.3
2023-12-16,41940.29,42724.43,41605.0,42278.03
2023-12-17,42278.02,42424.07,41252.0,41374.65
2023-12-18,41374.64,42757.81,40542.93,42657.8
2023-12-19,42657.8,43497.0,41811.1,42275.99
2023-12-20,42275.99,44283.0,42206.0,43668.93
2023-12-21,43668.92,44242.35,43286.72,43861.8
2023-12-22,43861.79,44398.26,43412.54,43969.04
2023-12-23,43969.04,43988.68,43291.1,43702.16
2023-12-24,43702.15,43946.0,42500.0,42991.5
2023-12-25,42991.5,43802.32,42720.43,43576.13
2023-12-26,43576.12,43592.68,41637.6,42508.93
2023-12-27,42508.93,43677.0,42098.69,43428.85
2023-12-28,43428.86,43787.57,42241.79,42563.76
2023-12-29,42563.76,43111.0,41300.0,42066.95
2023-12-30,42066.94,42612.32,41520.3,42140.28
2023-12-31,42140.29,42899.0,41965.84,42283.58
2024-01-01,42283.58,44184.1,42180.77,44179.55
2024-01-02,44179.55,45879.63,44148.34,44946.91
2024-01-03,44946.91,45500.0,40750.0,42845.23
2024-01-04,42845.23,44729.58,42613.77,44151.1
2024-01-05,44151.1,44357.46,42450.0,44145.11
2024-01-06,44145.12,44214.42,43397.05,43968.32
2024-01-07,43968.32,44480.59,43572.09,43929.02
2024-01-08,43929.01,47248.99,43175.0,46951.04
2024-01-09,46951.04,47972.0,44748.67,46110.0
2024-01-10,46110.0,47695.93,44300.36,46653.99
2024-01-11,46654.0,48969.48,45606.06,46339.16
2024-01-12,46339.16,46515.53,41500.0,42782.73
2024-01-13,42782.74,43257.0,42436.12,42847.99
2024-01-14,42847.99,43079.0,41720.0,41732.35
2024-01-15,41732.35,43400.43,41718.05,42511.1
2024-01-16,42511.1,43578.01,42050.0,43137.95
2024-01-17,43137.94,43198.0,42200.69,42776.1
2024-01-18,42776.09,42930.0,40683.28,41327.5
2024-01-19,41327.51,42196.86,40280.0,41659.03
2024-01-20,41659.03,41872.56,41456.3,41696.04
2024-01-21,41696.05,41881.39,41500.98,41580.33
2024-01-22,41580.32,41689.65,39431.58,39568.02
2024-01-23,39568.02,40176.74,38555.0,39897.6
2024-01-24,39897.59,40555.0,39484.19,40084.88
2024-01-25,40084.89,40300.24,39550.0,39961.09
2024-01-26,39961.09,42246.82,39822.52,41823.51
2024-01-27,41823.51,42200.0,41394.34,42120.63
2024-01-28,42120.63,42842.68,41620.81,42031.06
2024-01-29,42031.05,43333.0,41804.88,43302.7
2024-01-30,43302.71,43882.36,42683.99,42941.1
2024-01-31,42941.1,43745.11,42276.84,42580.0
2024-02-01,42580.0,43285.13,41884.28,43082.94
2024-02-02,43082.95,43488.0,42546.79,43200.0
2024-02-03,43199.99,43380.01,42880.0,43011.09
2024-02-04,43011.1,43119.04,42222.0,42582.88
2024-02-05,42582.88,43569.76,42258.1,42708.7
2024-02-06,42708.7,43399.98,42574.0,43098.95
2024-02-07,43098.96,44396.5,42788.0,44349.6
2024-02-08,44349.6,45614.3,44331.1,45288.65
2024-02-09,45288.66,48200.0,45242.12,47132.77
2024-02-10,47132.78,48170.0,46800.0,47751.09
2024-02-11,47751.08,48592.66,47557.16,48299.99
2024-02-12,48300.0,50334.82,47710.01,49917.27
2024-02-13,49917.28,50368.61,48300.95,49699.59
2024-02-14,49699.6,52043.71,49225.01,51795.17
2024-02-15,51795.17,52816.62,51314.0,51880.0
2024-02-16,51880.01,52572.08,51566.0,52124.11
2024-02-17,52124.1,52162.82,50625.0,51642.64
2024-02-18,51642.64,52377.0,51163.28,52137.67
2024-02-19,52137.68,52488.77,51677.0,51774.73
2024-02-20,51774.74,52985.0,50760.37,52258.82
2024-02-21,52258.82,52366.8,50625.0,51849.39
2024-02-22,51849.38,52065.78,50940.78,51288.42
2024-02-23,51288.42,51548.54,50521.0,50744.15
2024-02-24,50744.15,51698.0,50585.0,51568.22
2024-02-25,51568.21,51958.55,51279.8,51728.85
2024-02-26,51728.85,54910.0,50901.44,54476.47
2024-02-27,54476.48,57588.15,54450.13,57037.34
2024-02-28,57037.35,64000.0,56691.85,62432.1
2024-02-29,62432.11,63676.35,60364.7,61130.98
2024-03-01,61130.99,63114.23,60777.0,62387.9
2024-03-02,62387.9,62433.19,61561.12,61987.28
2024-03-03,61987.28,63231.88,61320.0,63113.97
2024-03-04,63113.97,68499.0,62300.0,68245.71
2024-03-05,68245.71,69000.0,59005.0,63724.01
2024-03-06,63724.01,67641.1,62779.14,66074.04
2024-03-07,66074.04,67980.0,65551.0,66823.17
2024-03-08,66823.18,69990.0,66082.66,68124.19
2024-03-09,68124.2,68541.1,67861.1,68313.27
2024-03-10,68313.28,69887.61,68094.75,68955.88
2024-03-11,68955.88,72800.0,67024.96,72078.1
2024-03-12,72078.1,73000.0,68620.82,71452.01
2024-03-13,71452.0,73650.25,71333.31,73072.41
2024-03-14,73072.4,73777.0,68555.0,71388.94
2024-03-15,71388.94,72419.71,65600.0,69499.85
2024-03-16,69499.84,70043.0,64780.0,65300.63
2024-03-17,65300.64,68904.4,64533.0,68393.48
2024-03-18,68393.47,68956.0,66565.2,67609.99
2024-03-19,67610.0,68124.11,61555.0,61937.4
2024-03-20,61937.41,68100.0,60775.0,67840.51
2024-03-21,67840.51,68240.47,64529.01,65501.27
2024-03-22,65501.28,66649.62,62260.0,63796.64
2024-03-23,63796.64,65999.0,63000.0,63990.01
2024-03-24,63990.02,67628.69,63772.29,67209.99
2024-03-25,67210.0,71150.0,66385.06,69880.01
2024-03-26,69880.0,71561.1,69280.0,69988.0
2024-03-27,69987.99,71769.54,68359.18,69469.99
2024-03-28,69469.99,71552.06,68903.62,70780.6
2024-03-29,70780.6,70916.16,69009.0,69850.54
2024-03-30,69850.53,70321.1,69540.0,69582.18
2024-03-31,69582.17,71366.0,69562.99,71280.01
2024-04-01,71280.0,71288.23,68062.86,69649.8
2024-04-02,69649.81,69674.23,64550.0,65463.99
2024-04-03,65463.99,66903.63,64493.07,65963.28
2024-04-04,65963.27,69309.91,65064.52,68487.79
2024-04-05,68487.8,68756.67,65952.56,67820.62
2024-04-06,67820.63,69692.0,67447.83,68896.0
2024-04-07,68896.0,70326.29,68824.0,69360.39
2024-04-08,69360.38,72797.99,69043.24,71620.0
2024-04-09,71620.0,71758.19,68210.0,69146.0
2024-04-10,69146.0,71172.08,67518.0,70631.08
2024-04-11,70631.08,71305.89,69567.21,70006.23
2024-04-12,70006.22,71227.46,65086.86,67116.52
2024-04-13,67116.52,67929.0,60660.57,63924.51
2024-04-14,63924.52,65840.0,62134.0,65661.84
2024-04-15,65661.85,66867.07,62274.4,63419.99
2024-04-16,63419.99,64365.0,61600.0,63793.39
2024-04-17,63793.4,64499.0,59678.16,61277.37
2024-04-18,61277.38,64117.09,60803.35,63470.08
2024-04-19,63470.09,65450.0,59600.01,63818.01
2024-04-20,63818.01,65419.0,63090.07,64940.59
2024-04-21,64940.58,65695.56,64237.5,64941.15
2024-04-22,64941.15,67232.35,64500.0,66819.32
2024-04-23,66819.32,67183.01,65765.81,66414.0
2024-04-24,66414.0,67070.43,63606.06,64289.59
2024-04-25,64289.58,65297.94,62794.0,64498.34
2024-04-26,64498.33,64820.01,63297.48,63770.01
2024-04-27,63770.0,63923.41,62391.24,63461.98
2024-04-28,63461.98,64370.0,62781.0,63118.62
2024-04-29,63118.62,64228.35,61765.53,63866.0
2024-04-30,63866.0,64734.0,59191.6,60672.0
2024-05-01,60672.01,60841.63,56552.82,58364.97
2024-05-02,58364.97,59625.0,56911.84,59060.61
2024-05-03,59060.6,63333.0,58811.32,62882.01
2024-05-04,62882.01,64540.0,62541.03,63892.04
2024-05-05,63892.03,64646.0,62822.17,64012.0
2024-05-06,64012.0,65500.0,62700.0,63165.19
2024-05-07,63165.18,64422.41,62261.0,62312.08
2024-05-08,62312.07,63020.22,60888.0,61193.03
2024-05-09,61193.03,63429.03,60630.0,63074.01
2024-05-10,63074.0,63469.13,60187.12,60799.99
2024-05-11,60799.99,61515.0,60487.09,60825.99
2024-05-12,60825.99,61888.0,60610.0,61483.99
2024-05-13,61484.0,63450.0,60749.21,62940.08
2024-05-14,62940.09,63118.36,61142.77,61577.49
2024-05-15,61577.49,66444.16,61319.47,66206.5
2024-05-16,66206.51,66752.01,64602.77,65235.21
2024-05-17,65235.21,67451.2,65106.38,67024.0
2024-05-18,67024.0,67400.01,66600.0,66915.2
2024-05-19,66915.2,67700.0,65857.25,66274.01
2024-05-20,66274.0,71515.56,66060.31,71446.62
2024-05-21,71446.62,71979.0,69162.94,70148.34
2024-05-22,70148.34,70666.0,68842.19,69166.62
2024-05-23,69166.62,70096.12,66312.16,67969.65
2024-05-24,67969.66,69250.0,66600.12,68549.99
2024-05-25,68549.99,69610.0,68500.0,69290.57
2024-05-26,69290.56,69562.23,68128.01,68507.67
2024-05-27,68507.67,70687.56,68250.0,69436.43
2024-05-28,69436.43,69591.81,67277.91,68398.39
2024-05-29,68398.4,68935.68,67124.65,67652.42
2024-05-30,67652.41,69500.0,67128.0,68352.17
2024-05-31,68352.17,69044.1,66670.0,67540.01
2024-06-01,67540.01,67900.0,67428.44,67766.85
2024-06-02,67766.84,68460.0,67257.47,67765.63
2024-06-03,67765.62,70288.0,67612.48,68809.9
2024-06-04,68809.89,71063.45,68567.32,70537.84
2024-06-05,70537.83,71758.0,70383.66,71108.0
2024-06-06,71108.0,71700.0,70117.64,70799.06
2024-06-07,70799.06,71997.02,68420.0,69355.6
2024-06-08,69355.6,69582.2,69168.02,69310.46
2024-06-09,69310.46,69857.14,69130.24,69648.14
2024-06-10,69648.15,70195.94,69172.29,69540.0
2024-06-11,69540.0,69590.01,66051.0,67314.24
2024-06-12,67314.23,69999.0,66905.0,68263.99
2024-06-13,68263.98,68449.3,66251.78,66773.01
2024-06-14,66773.01,67370.24,65078.0,66043.99
2024-06-15,66043.99,66478.48,65857.1,66228.25
2024-06-16,66228.25,66998.7,66034.5,66676.87
2024-06-17,66676.86,67298.81,65130.0,66504.33
2024-06-18,66504.33,66588.23,64060.0,65175.32
2024-06-19,65175.32,65727.54,64666.0,64974.37
2024-06-20,64974.37,66482.94,64559.15,64869.99
2024-06-21,64869.99,65066.66,63379.35,64143.56
2024-06-22,64143.56,64546.81,63943.82,64262.01
2024-06-23,64262.01,64521.0,63178.32,63210.01
2024-06-24,63210.01,63369.8,58402.0,60293.3
2024-06-25,60293.3,62420.0,60257.06,61806.01
2024-06-26,61806.01,62487.81,60712.0,60864.99
2024-06-27,60864.98,62389.22,60606.63,61706.47
2024-06-28,61706.46,62225.31,60063.0,60427.84
2024-06-29,60427.84,61224.0,60383.77,60986.68
2024-06-30,60986.68,63058.76,60712.21,62772.01
2024-07-01,62772.01,63861.76,62497.2,62899.99
2024-07-02,62900.0,63288.83,61806.28,62135.47
2024-07-03,62135.46,62285.94,59400.0,60208.58
2024-07-04,60208.57,60498.19,56771.0,57050.01
2024-07-05,57050.02,57546.0,53485.93,56628.79
2024-07-06,56628.79,58475.0,56018.0,58230.13
2024-07-07,58230.13,58449.46,55724.37,55857.81
2024-07-08,55857.81,58236.73,54260.16,56714.62
2024-07-09,56714.61,58296.0,56289.45,58050.0
2024-07-10,58050.0,59470.0,57157.79,57725.85
2024-07-11,57725.85,59650.0,57050.0,57339.89
2024-07-12,57339.89,58526.68,56542.47,57889.1
2024-07-13,57889.09,59850.0,57756.63,59204.02
2024-07-14,59204.01,61420.69,59194.01,60797.91
2024-07-15,60797.91,64900.0,60632.3,64724.14
2024-07-16,64724.06,65388.97,62373.24,65043.99
2024-07-17,65044.0,66128.63,63854.0,64087.99
2024-07-18,64087.99,65133.3,63238.48,63987.92
2024-07-19,63987.92,67386.0,63300.67,66660.0
2024-07-20,66660.01,67598.0,66222.46,67139.96
2024-07-21,67139.97,68366.66,65777.0,68165.34
2024-07-22,68165.35,68474.55,66559.97,67532.01
2024-07-23,67532.0,67750.98,65441.08,65936.01
2024-07-24,65936.0,67102.01,65111.0,65376.0
2024-07-25,65376.01,66175.49,63456.7,65799.95
2024-07-26,65799.95,68200.0,65722.63,67907.99
2024-07-27,67908.0,69399.99,66650.0,67896.5
2024-07-28,67896.49,68318.43,67066.66,68249.88
2024-07-29,68249.88,70079.99,66428.0,66784.69
2024-07-30,66784.68,67000.0,65302.67,66188.0
2024-07-31,66188.0,66849.24,64530.0,64628.0
2024-08-01,64628.01,65659.78,62302.0,65354.02
2024-08-02,65354.02,65596.14,61230.01,61498.33
2024-08-03,61498.34,62198.22,59850.0,60697.99
2024-08-04,60697.99,61117.63,57122.77,58161.0
2024-08-05,58161.0,58305.59,49000.0,54018.81
2024-08-06,54018.82,57040.99,53950.0,56022.01
2024-08-07,56022.0,57736.05,54558.62,55134.16
2024-08-08,55133.76,62745.14,54730.0,61685.99
2024-08-09,61686.0,61744.37,59535.0,60837.99
2024-08-10,60837.99,61470.58,60242.0,60923.51
2024-08-11,60923.51,61858.0,58286.73,58712.59
2024-08-12,58712.59,60711.09,57642.21,59346.64
2024-08-13,59346.64,61578.1,58392.88,60587.15
2024-08-14,60587.16,61800.0,58433.18,58683.39
2024-08-15,58683.39,59849.38,56078.54,57541.06
2024-08-16,57541.05,59817.76,57098.62,58874.6
2024-08-17,58874.59,59700.0,58785.05,59491.99
2024-08-18,59491.99,60284.99,58408.92,58427.35
2024-08-19,58427.35,59617.63,57787.3,59438.5
2024-08-20,59438.5,61400.0,58548.23,59013.8
2024-08-21,59013.8,61820.93,58783.47,61156.03
2024-08-22,61156.03,61400.0,59724.87,60375.84
2024-08-23,60375.83,64955.0,60342.14,64037.24
2024-08-24,64037.24,64494.5,63531.0,64157.01
2024-08-25,64157.02,65000.0,63773.27,64220.0
2024-08-26,64219.99,64481.0,62800.0,62834.0
2024-08-27,62834.0,63212.0,58034.01,59415.0
2024-08-28,59415.0,60234.98,57860.0,59034.9
2024-08-29,59034.9,61166.99,58713.09,59359.01
2024-08-30,59359.0,59944.07,57701.1,59123.99
2024-08-31,59123.99,59462.38,58744.0,58973.99
2024-09-01,58974.0,59076.59,57201.0,57301.86
2024-09-02,57301.77,59425.69,57128.0,59132.13
2024-09-03,59132.12,59809.65,57415.0,57487.73
2024-09-04,57487.74,58519.0,55606.0,57970.9
2024-09-05,57970.9,58327.07,55643.65,56180.0
2024-09-06,56180.0,57008.0,52550.0,53962.97
2024-09-07,53962.97,54850.0,53745.54,54160.86
2024-09-08,54160.86,55318.0,53629.01,54869.95
2024-09-09,54869.95,58088.0,54591.96,57042.0
2024-09-10,57042.01,58044.36,56386.4,57635.99
2024-09-11,57635.99,57981.71,55545.19,57338.0
2024-09-12,57338.0,58588.0,57324.0,58132.32
2024-09-13,58132.31,60625.0,57632.62,60498.0
2024-09-14,60497.99,60610.45,59400.0,59993.03
2024-09-15,59993.02,60395.8,58691.05,59132.0
2024-09-16,59132.0,59210.7,57493.3,58213.99
2024-09-17,58213.99,61320.0,57610.01,60313.99
2024-09-18,60313.99,61786.24,59174.8,61759.99
2024-09-19,61759.98,63850.0,61555.0,62947.99
2024-09-20,62948.0,64133.32,62350.0,63201.05
2024-09-21,63201.05,63559.9,62758.0,63348.96
2024-09-22,63348.97,64000.0,62357.93,63578.76
2024-09-23,63578.76,64745.88,62538.75,63339.99
2024-09-24,63339.99,64688.0,62700.0,64262.7
2024-09-25,64262.7,64817.99,62947.08,63152.01
2024-09-26,63152.01,65839.0,62670.0,65173.99
2024-09-27,65173.99,66498.0,64819.9,65769.95
2024-09-28,65769.95,66260.0,65422.23,65858.0
2024-09-29,65858.0,66076.12,65432.0,65602.01
2024-09-30,65602.01,65618.8,62856.3,63327.59
2024-10-01,63327.6,64130.63,60164.0,60805.78
2024-10-02,60804.92,62390.31,60000.0,60649.28
2024-10-03,60649.27,61477.19,59828.11,60752.71
2024-10-04,60752.72,62484.85,60459.9,62086.0
2024-10-05,62086.0,62370.56,61689.26,62058.0
2024-10-06,62058.01,62975.0,61798.97,62819.91
2024-10-07,62819.91,64478.19,62128.0,62224.0
2024-10-08,62224.01,63200.0,61860.31,62160.49
2024-10-09,62160.5,62543.75,60301.0,60636.02
2024-10-10,60636.01,61321.68,58946.0,60326.39
2024-10-11,60326.4,63417.56,60087.64,62540.0
2024-10-12,62539.99,63480.0,62487.23,63206.22
2024-10-13,63206.23,63285.72,62050.0,62870.02
2024-10-14,62870.02,66500.0,62457.81,66083.99
2024-10-15,66084.0,67950.0,64800.01,67074.14
2024-10-16,67074.14,68424.0,66750.49,67620.01
2024-10-17,67620.0,67939.4,66666.0,67421.78
2024-10-18,67421.78,69000.0,67192.36,68428.0
2024-10-19,68427.99,68693.26,68010.0,68378.0
2024-10-20,68377.99,69400.0,68100.0,69031.99
2024-10-21,69032.0,69519.52,66840.67,67377.5
2024-10-22,67377.5,67836.01,66571.42,67426.0
2024-10-23,67426.01,67472.83,65260.0,66668.65
2024-10-24,66668.65,68850.0,66510.0,68198.28
2024-10-25,68198.27,68771.49,65596.29,66698.33
2024-10-26,66698.32,67454.55,66439.9,67092.76
2024-10-27,67092.76,68332.05,66913.73,68021.7
2024-10-28,68021.69,70270.0,67618.0,69962.21
2024-10-29,69962.21,73620.12,69760.0,72736.42
2024-10-30,72736.41,72961.0,71436.0,72344.74
2024-10-31,72344.75,72700.0,69685.76,70292.01
2024-11-01,70292.01,71632.95,68820.14,69496.01
2024-11-02,69496.0,69914.37,69000.14,69374.74
2024-11-03,69374.74,69391.0,67478.73,68775.99
2024-11-04,68775.99,69500.0,66835.0,67850.01
2024-11-05,67850.01,70577.91,67476.63,69372.01
2024-11-06,69372.01,76400.0,69298.0,75571.99
2024-11-07,75571.99,76849.99,74416.0,75857.89
2024-11-08,75857.89,77199.99,75555.0,76509.78
2024-11-09,76509.78,76900.0,75714.66,76677.46
2024-11-10,76677.46,81500.0,76492.0,80370.01
2024-11-11,80370.01,89530.54,80216.01,88647.99
2024-11-12,88648.0,89940.0,85072.0,87952.01
2024-11-13,87952.0,93265.64,86127.99,90375.2
2024-11-14,90375.21,91790.0,86668.21,87325.59
2024-11-15,87325.59,91850.0,87073.38,91032.07
2024-11-16,91032.08,91779.66,90056.17,90586.92
2024-11-17,90587.98,91449.99,88722.0,89855.99
2024-11-18,89855.98,92594.0,89376.9,90464.08
2024-11-19,90464.07,93905.51,90357.0,92310.79
2024-11-20,92310.8,94831.97,91500.0,94286.56
2024-11-21,94286.56,98988.0,94040.0,98317.12
2024-11-22,98317.12,99588.01,97122.11,98892.0
2024-11-23,98892.0,98908.85,97136.0,97672.4
2024-11-24,97672.4,98564.0,95734.77,97900.04
2024-11-25,97900.05,98871.8,92600.19,93010.01
2024-11-26,93010.01,94973.37,90791.1,91965.16
2024-11-27,91965.16,97208.21,91792.14,95863.11
2024-11-28,95863.11,96564.0,94640.0,95643.98
2024-11-29,95643.99,98619.99,95364.99,97460.0
2024-11-30,97460.0,97463.95,96092.01,96407.99
2024-12-01,96407.99,97836.0,95693.88,97185.18
2024-12-02,97185.17,98130.0,94395.0,95840.62
2024-12-03,95840.61,96305.52,93578.17,95849.69
2024-12-04,95849.69,99000.0,94587.83,98587.32
2024-12-05,98587.32,104088.0,90500.0,96945.63
2024-12-06,96945.63,101898.99,95981.72,99740.84
2024-12-07,99740.84,100439.18,98844.0,99831.99
2024-12-08,99831.99,101351.0,98657.7,101109.59
2024-12-09,101109.6,101215.93,94150.05,97276.47
2024-12-10,97276.48,98270.0,94256.54,96593.0
2024-12-11,96593.0,101888.0,95658.24,101125.0
2024-12-12,101125.0,102540.0,99311.64,100004.29
2024-12-13,100004.29,101895.26,99205.0,101424.25
2024-12-14,101424.24,102650.0,100609.41,101420.0
2024-12-15,101420.0,105250.0,101237.14,104463.99
2024-12-16,104463.99,107793.07,103333.0,106058.66
2024-12-17,106058.65,108353.0,105321.49,106133.74
2024-12-18,106133.74,106524.98,100000.0,100204.01
2024-12-19,100204.01,102800.11,95700.0,97461.86
2024-12-20,97461.86,98233.0,92232.54,97805.44
2024-12-21,97805.44,99540.61,96398.39,97291.99
2024-12-22,97292.0,97448.08,94250.35,95186.27
2024-12-23,95186.28,96538.92,92520.0,94881.47
2024-12-24,94881.47,99487.99,93569.02,98663.58
2024-12-25,98663.58,99569.15,97632.02,99429.6
2024-12-26,99429.61,99963.7,95199.14,95791.6
2024-12-27,95791.6,97544.58,93500.01,94299.03
2024-12-28,94299.03,95733.99,94135.66,95300.0
2024-12-29,95300.0,95340.0,93009.52,93738.2
2024-12-30,93738.19,95024.5,91530.45,92792.05
2024-12-31,92792.05,96250.0,92033.73,93576.0
2025-01-01,93576.0,95151.15,92888.0,94591.79
2025-01-02,94591.78,97839.5,94392.0,96984.79
2025-01-03,96984.79,98976.91,96100.01,98174.18
2025-01-04,98174.17,98778.43,97514.79,98220.5
2025-01-05,98220.51,98836.85,97276.79,98363.61
2025-01-06,98363.61,102480.0,97920.0,102235.6
2025-01-07,102235.6,102724.38,96181.81,96954.61
2025-01-08,96954.6,97268.65,92500.9,95060.61
2025-01-09,95060.61,95382.32,91203.67,92552.49
2025-01-10,92552.49,95836.0,92206.02,94726.11
2025-01-11,94726.1,95050.94,93831.73,94599.99
2025-01-12,94599.99,95450.1,93711.19,94545.06
2025-01-13,94545.07,95940.0,89256.69,94536.1
2025-01-14,94536.11,97371.0,94346.22,96560.86
2025-01-15,96560.85,100681.94,96500.0,100497.35
2025-01-16,100497.35,100866.66,97335.13,99987.3
2025-01-17,99987.3,105865.22,99950.77,104077.48
2025-01-18,104077.47,104988.88,102277.55,104556.23
2025-01-19,104556.23,106422.43,99651.6,101331.57
2025-01-20,101331.57,109588.0,99550.0,102260.01
2025-01-21,102260.0,107240.81,100119.04,106143.82
2025-01-22,106143.82,106394.46,103339.12,103706.66
2025-01-23,103706.66,106850.0,101262.28,103910.34
2025-01-24,103910.35,107120.0,102750.0,104870.5
2025-01-25,104870.51,105286.52,104106.09,104746.85
2025-01-26,104746.86,105500.0,102520.44,102620.0
2025-01-27,102620.01,103260.0,97777.77,102082.83
2025-01-28,102082.83,103800.0,100272.68,101335.52
2025-01-29,101335.52,104782.68,101328.01,103733.24
2025-01-30,103733.25,106457.44,103278.54,104722.94
2025-01-31,104722.94,106012.0,101560.0,102429.56
2025-02-01,102429.56,102783.71,100279.51,100635.65
2025-02-02,100635.66,101456.6,96150.0,97700.59
2025-02-03,97700.59,102500.01,91231.0,101328.52
2025-02-04,101328.51,101732.31,96150.0,97763.13
2025-02-05,97763.14,99149.0,96155.0,96612.43
2025-02-06,96612.44,99120.0,95676.64,96554.35
2025-02-07,96554.35,100137.99,95620.34,96506.8
2025-02-08,96506.8,96880.0,95688.0,96444.74
2025-02-09,96444.75,97323.09,94713.0,96462.75
2025-02-10,96462.75,98345.0,95256.0,97430.82
2025-02-11,97430.82,98478.42,94876.88,95778.2
2025-02-12,95778.21,98119.99,94088.23,97869.99
2025-02-13,97870.0,98083.91,95217.36,96608.14
2025-02-14,96608.13,98826.0,96252.82,97500.48
2025-02-15,97500.47,97972.26,97223.58,97569.66
2025-02-16,97569.67,97704.47,96046.18,96118.12
2025-02-17,96118.12,97046.59,95205.0,95780.0
2025-02-18,95780.01,96753.91,93388.09,95671.74
2025-02-19,95671.74,96899.99,95029.99,96644.37
2025-02-20,96644.37,98711.36,96415.09,98305.0
2025-02-21,98305.01,99475.0,94871.95,96181.98
2025-02-22,96181.99,96980.0,95770.49,96551.01
2025-02-23,96551.01,96650.0,95227.94,96258.0
2025-02-24,96258.0,96500.0,91349.26,91552.88
2025-02-25,91552.88,92540.69,86050.99,88680.4
2025-02-26,88680.39,89414.15,82256.01,84250.09
2025-02-27,84250.09,87078.46,82716.49,84708.58
2025-02-28,84708.57,85120.0,78258.52,84349.94
2025-03-01,84349.95,86558.0,83824.78,86064.53
2025-03-02,86064.54,95000.0,85050.6,94270.0
2025-03-03,94269.99,94416.46,85117.11,86220.61
2025-03-04,86221.16,88967.52,81500.0,87281.98
2025-03-05,87281.98,91000.0,86334.53,90606.01
2025-03-06,90606.0,92810.64,87836.0,89931.89
2025-03-07,89931.88,91283.02,84667.03,86801.75
2025-03-08,86801.74,86897.25,85218.47,86222.45
2025-03-09,86222.46,86500.0,80000.0,80734.37
2025-03-10,80734.48,84123.46,77459.91,78595.86
2025-03-11,78595.86,83617.4,76606.0,82932.99
2025-03-12,82932.99,84539.85,80607.65,83680.12
2025-03-13,83680.12,84336.33,79939.9,81115.78
2025-03-14,81115.78,85309.71,80818.84,83983.2
2025-03-15,83983.19,84676.28,83618.0,84338.44
2025-03-16,84338.44,85117.04,81981.12,82574.53
2025-03-17,82574.52,84756.83,82456.0,84010.03
2025-03-18,84010.02,84021.74,81134.66,82715.03
2025-03-19,82715.03,87000.0,82547.16,86845.94
2025-03-20,86845.93,87453.67,83655.23,84223.39
2025-03-21,84223.38,84850.33,83175.25,84088.79
2025-03-22,84088.79,84539.17,83625.1,83840.59
2025-03-23,83840.59,86129.64,83809.75,86082.5
2025-03-24,86082.5,88765.43,85519.09,87498.16
2025-03-25,87498.16,88539.63,86310.0,87392.87
2025-03-26,87392.88,88275.0,85860.0,86909.17
2025-03-27,86909.17,87756.39,85800.0,87232.01
2025-03-28,87232.01,87515.67,83585.0,84424.38
2025-03-29,84424.38,84624.73,81644.81,82648.54
2025-03-30,82648.53,83534.64,81565.0,82389.99
2025-03-31,82390.0,83943.08,81278.52,82550.01
2025-04-01,82550.0,85579.46,82432.74,85158.34
2025-04-02,85158.35,88500.0,82320.0,82516.29
2025-04-03,82516.28,83998.02,81211.24,83213.09
2025-04-04,83213.09,84720.0,81659.0,83889.87
2025-04-05,83889.87,84266.0,82379.95,83537.99
2025-04-06,83537.99,83817.63,77153.83,78430.0
2025-04-07,78430.0,81243.58,74508.0,79163.24
2025-04-08,79163.24,80867.99,76239.9,76322.42
2025-04-09,76322.42,83588.0,74620.0,82615.22
2025-04-10,82615.22,82753.21,78464.36,79607.3
2025-04-11,79607.3,84300.0,78969.58,83423.84
2025-04-12,83423.83,85905.0,82792.95,85276.9
2025-04-13,85276.91,86100.0,83034.23,83760.0
2025-04-14,83760.0,85799.99,83678.0,84591.58
2025-04-15,84591.58,86496.42,83600.0,83643.99
2025-04-16,83643.99,85500.0,83111.64,84030.38
2025-04-17,84030.38,85470.01,83736.26,84947.91
2025-04-18,84947.92,85132.08,84303.96,84474.69
2025-04-19,84474.7,85677.99,84364.45,85077.01
2025-04-20,85077.0,85320.76,83949.52,85179.24
2025-04-21,85179.24,88465.99,85144.76,87516.23
2025-04-22,87516.22,93888.0,87076.03,93442.99
2025-04-23,93442.99,94696.05,91935.41,93691.08
2025-04-24,93691.07,94005.0,91660.01,93980.47
2025-04-25,93980.47,95758.04,92855.96,94638.68
2025-04-26,94638.68,95199.0,93870.69,94628.0
2025-04-27,94628.0,95369.0,93602.58,93749.3
2025-04-28,93749.29,95630.0,92800.01,95011.18
2025-04-29,95011.18,95461.53,93742.54,94256.82
2025-04-30,94256.82,95228.45,92910.0,94172.0
2025-05-01,94172.0,97424.02,94130.43,96489.91
2025-05-02,96489.9,97895.68,96350.0,96887.14
2025-05-03,96887.13,96935.67,95753.01,95856.42
2025-05-04,95856.42,96304.48,94151.38,94277.62
2025-05-05,94277.61,95199.0,93514.1,94733.68
2025-05-06,94733.68,96920.65,93377.0,96834.02
2025-05-07,96834.02,97732.0,95784.61,97030.5
2025-05-08,97030.5,104145.76,96876.29,103261.6
2025-05-09,103261.61,104361.3,102315.14,102971.99
2025-05-10,102971.99,104984.57,102818.76,104809.53
2025-05-11,104809.53,104972.0,103345.06,104118.0
2025-05-12,104118.0,105819.45,100718.37,102791.32
2025-05-13,102791.32,104976.25,101429.7,104103.72
2025-05-14,104103.72,104356.95,102602.05,103507.82
2025-05-15,103507.83,104192.7,101383.07,103763.71
2025-05-16,103763.71,104550.33,103100.49,103463.9
2025-05-17,103463.9,103709.86,102612.5,103126.65
2025-05-18,103126.65,106660.0,103105.09,106454.26
2025-05-19,106454.27,107108.62,102000.0,105573.74
2025-05-20,105573.73,107320.0,104184.72,106849.99
2025-05-21,106850.0,110797.38,106100.01,109643.99
2025-05-22,109643.99,111980.0,109177.37,111696.21
2025-05-23,111696.22,111800.0,106800.0,107318.3
2025-05-24,107318.3,109506.03,106875.41,107761.91
2025-05-25,107761.9,109299.99,106600.64,109004.19
2025-05-26,109004.2,110422.22,108670.58,109434.79
2025-05-27,109434.78,110718.0,107516.57,108938.17
2025-05-28,108938.17,109284.7,106769.43,107781.78
2025-05-29,107781.78,108891.91,105322.86,105589.75
2025-05-30,105589.75,106313.12,103621.0,103985.48
2025-05-31,103985.47,104900.0,103068.55,104591.88
2025-06-01,104591.88,105866.91,103752.49,105642.93
2025-06-02,105642.93,105935.63,103659.88,105857.99
2025-06-03,105858.0,106794.67,104872.5,105376.89
2025-06-04,105376.9,106000.0,104179.0,104696.86
2025-06-05,104696.86,105909.71,100372.26,101508.68
2025-06-06,101508.69,105333.0,101095.8,104288.44
2025-06-07,104288.43,105900.0,103871.09,105552.15
2025-06-08,105552.15,106488.14,104964.14,105734.0
2025-06-09,105734.01,110530.17,105318.37,110263.02
2025-06-10,110263.02,110400.0,108331.03,110274.39
2025-06-11,110274.39,110392.01,108064.0,108645.12
2025-06-12,108645.13,108813.55,105671.72,105671.73
2025-06-13,105671.74,106179.53,102664.31,106066.59
2025-06-14,106066.59,106252.0,104300.0,105414.64
2025-06-15,105414.63,106128.57,104494.53,105594.01
2025-06-16,105594.02,108952.38,104980.37,106794.53
2025-06-17,106794.53,107771.34,103371.02,104551.17
2025-06-18,104551.17,105550.27,103500.0,104886.78
2025-06-19,104886.79,105226.17,103929.27,104658.59
2025-06-20,104658.59,106524.65,102345.0,103297.99
2025-06-21,103297.98,103982.64,100837.9,102120.01
2025-06-22,102120.02,103399.62,98200.0,100963.87
2025-06-23,100963.87,106074.2,99613.33,105333.93
2025-06-24,105333.94,106290.0,104622.02,106083.0
2025-06-25,106083.0,108135.3,105808.03,107340.58
2025-06-26,107340.59,108272.45,106562.5,106947.06
2025-06-27,106947.06,107735.34,106356.76,107047.59
2025-06-28,107047.58,107577.75,106811.51,107296.79
2025-06-29,107296.79,108528.5,107172.52,108356.93
2025-06-30,108356.93,108789.99,106733.33,107146.5
2025-07-01,107146.51,107540.0,105250.85,105681.14
2025-07-02,105681.13,109730.0,105100.19,108849.6
2025-07-03,108849.59,110529.18,108530.4,109584.78
2025-07-04,109584.77,109767.59,107245.0,107984.24
2025-07-05,107984.25,108420.56,107756.31,108198.12
2025-07-06,108198.12,109700.0,107800.01,109203.84
2025-07-07,109203.85,109700.0,107513.2,108262.94
2025-07-08,108262.94,109216.56,107429.57,108922.98
2025-07-09,108922.99,111999.79,108324.53,111233.99
2025-07-10,111234.0,116868.0,110500.0,116010.0
2025-07-11,116010.01,118869.98,115222.22,117527.66
2025-07-12,117527.66,118200.0,116900.05,117420.0
2025-07-13,117420.0,119488.0,117224.79,119086.64
2025-07-14,119086.65,123218.0,118905.18,119841.18
2025-07-15,119841.17,119940.83,115736.92,117758.09
2025-07-16,117758.08,120063.84,117017.29,118630.43
2025-07-17,118630.44,120998.71,117453.57,119177.56
2025-07-18,119177.56,120820.71,116812.76,117924.84
2025-07-19,117924.84,118499.9,117277.34,117840.0
2025-07-20,117840.01,118856.8,116467.02,117265.12
2025-07-21,117265.11,119676.73,116515.0,117380.36
2025-07-22,117380.36,120247.8,116128.0,119954.42
2025-07-23,119954.43,120090.0,117301.0,118755.99
2025-07-24,118756.0,119450.0,117103.1,118340.99
2025-07-25,118340.98,118451.57,114723.16,117614.31
2025-07-26,117614.31,118297.35,117138.38,117919.99
2025-07-27,117919.99,119766.65,117825.5,119415.55
2025-07-28,119415.56,119800.0,117427.5,118062.32
2025-07-29,118062.32,119273.36,116950.75,117950.76
2025-07-30,117950.75,118792.0,115796.23,117840.3
2025-07-31,117840.29,118922.45,115500.0,115764.08
2025-08-01,115764.07,116052.0,112722.58,113297.93
2025-08-02,113297.92,114063.49,112003.0,112546.35
2025-08-03,112546.35,114799.97,111920.0,114208.8
2025-08-04,114208.81,115720.0,114107.6,115055.03
2025-08-05,115055.03,115127.81,112650.0,114129.75
2025-08-06,114129.75,115716.0,113355.13,114992.27
2025-08-07,114992.27,117621.0,114259.0,117472.01
2025-08-08,117472.02,117630.0,115878.71,116674.74
2025-08-09,116674.74,117944.05,116299.13,116462.25
2025-08-10,116462.25,119311.11,116460.63,119294.01
2025-08-11,119294.27,122335.16,118050.11,118686.0
2025-08-12,118686.0,120324.43,118207.47,120134.08
2025-08-13,120134.09,123667.79,118920.92,123306.43
2025-08-14,123306.44,124474.0,117180.0,118295.09
2025-08-15,118295.09,119216.82,116803.99,117342.05
2025-08-16,117342.04,117898.99,117143.98,117380.66
2025-08-17,117380.66,118575.0,117172.21,117405.01
2025-08-18,117405.01,117543.75,114640.14,116227.05
2025-08-19,116227.05,116725.69,112732.58,112872.94
2025-08-20,112872.95,114615.38,112380.0,114271.24
2025-08-21,114271.23,114821.76,112015.67,112500.0
2025-08-22,112500.0,117429.05,111684.79,116935.99
2025-08-23,116936.0,117030.0,114560.0,115438.05
2025-08-24,115438.06,115666.68,110680.0,113493.59
2025-08-25,113493.59,113667.28,109274.1,110111.98
2025-08-26,110111.98,112371.0,108666.66,111763.22
2025-08-27,111763.22,112625.0,110345.42,111262.01
2025-08-28,111262.01,113485.9,110862.42,112566.9
2025-08-29,112566.9,112638.64,107463.9,108377.4
2025-08-30,108377.4,108926.15,107350.1,108816.33
2025-08-31,108816.33,109480.02,108076.93,108246.35
2025-09-01,108246.36,109912.4,107255.0,109237.42
2025-09-02,109237.43,111771.52,108393.39,111240.01
2025-09-03,111240.01,112575.27,110528.71,111705.71
2025-09-04,111705.72,112180.0,109329.12,110730.87
2025-09-05,110730.87,113384.62,110206.96,110659.99
2025-09-06,110660.0,111307.7,109977.0,110187.97
2025-09-07,110187.98,111600.0,110180.0,111137.34
2025-09-08,111137.35,112924.37,110621.78,112065.23
2025-09-09,112065.23,113293.29,110766.66,111546.39
2025-09-10,111546.38,114313.13,110917.45,113960.0
2025-09-11,113960.0,115488.09,113430.0,115482.69
2025-09-12,115482.69,116665.63,114740.99,116029.42
2025-09-13,116029.41,116298.78,115127.27,115918.29
2025-09-14,115918.29,116165.19,115135.0,115268.01
2025-09-15,115268.01,116757.99,114384.0,115349.71
2025-09-16,115349.71,116964.27,114737.11,116788.96
2025-09-17,116788.96,117286.73,114720.81,116447.59
2025-09-18,116447.6,117900.0,116092.76,117073.53
2025-09-19,117073.53,117459.99,115100.0,115632.38
2025-09-20,115632.39,116121.81,115408.47,115685.63
2025-09-21,115685.63,115819.06,115188.0,115232.29
2025-09-22,115232.29,115379.25,111800.0,112650.99
2025-09-23,112650.99,113290.5,111458.73,111998.8
2025-09-24,111998.8,113940.0,111042.66,113307.0
2025-09-25,113307.01,113510.23,108631.51,108994.49
2025-09-26,108994.49,110300.0,108620.07,109643.46
2025-09-27,109643.46,109743.91,109064.4,109635.85
2025-09-28,109635.85,112350.0,109189.99,112163.95
2025-09-29,112163.96,114400.0,111560.65,114311.96
2025-09-30,114311.97,114792.0,112656.27,114048.93
