khung,atr,lenh,winrate,pf,expectancy,tong_r,max_dd,r_dd,winrate_phi,pf_phi,expectancy_phi,tong_r_phi,max_dd_phi,r_dd_phi
D1,1.0,11,36.364,3.108,1.342,14.758,-3.0,4.919,36.364,3.008,1.315,14.463,-3.063,4.722
D1,1.5,11,36.364,2.072,0.682,7.506,-3.0,2.502,36.364,2.025,0.665,7.311,-3.042,2.404
D1,2.0,11,36.364,1.777,0.432,4.756,-2.713,1.753,36.364,1.741,0.419,4.61,-2.744,1.68
D1,2.5,11,45.455,3.012,0.859,9.449,-2.0,4.724,45.455,2.957,0.848,9.33,-2.031,4.594
D1,3.0,11,45.455,2.671,0.67,7.375,-2.0,3.688,45.455,2.627,0.661,7.276,-2.026,3.592
D1,3.5,11,45.455,2.399,0.536,5.894,-2.0,2.947,45.455,2.363,0.528,5.809,-2.022,2.873
D1,4.0,11,45.455,2.232,0.444,4.88,-1.901,2.567,45.455,2.2,0.437,4.806,-1.92,2.503
H4,1.0,63,9.524,0.44,-0.493,-31.036,-34.55,-0.898,9.524,0.407,-0.556,-35.054,-38.265,-0.916
H4,1.5,61,19.672,1.204,0.152,9.258,-10.926,0.847,19.672,1.14,0.109,6.64,-11.775,0.564
H4,2.0,60,23.333,1.526,0.339,20.368,-10.333,1.971,21.667,1.459,0.307,18.429,-10.769,1.711
H4,2.5,59,25.424,1.508,0.29,17.085,-10.266,1.664,23.729,1.448,0.264,15.553,-10.63,1.463
H4,3.0,58,27.586,1.441,0.226,13.102,-8.124,1.613,25.862,1.387,0.204,11.84,-8.374,1.414
H4,3.5,58,27.586,1.371,0.171,9.935,-7.317,1.358,25.862,1.322,0.153,8.854,-7.643,1.158
H4,4.0,58,27.586,1.359,0.146,8.48,-7.049,1.203,25.862,1.31,0.13,7.534,-7.341,1.026
H1,1.0,223,15.247,2.006,0.843,187.889,-28.811,6.521,14.35,1.714,0.69,153.945,-33.832,4.55
H1,1.5,219,23.744,1.939,0.685,150.063,-17.061,8.796,22.831,1.723,0.584,127.86,-19.982,6.399
H1,2.0,213,25.822,1.826,0.553,117.762,-17.19,6.851,24.883,1.658,0.477,101.616,-19.379,5.244
H1,2.5,205,29.268,2.006,0.593,121.514,-14.0,8.68,28.293,1.844,0.533,109.213,-15.279,7.148
H1,3.0,203,30.542,1.938,0.497,100.809,-11.543,8.733,29.557,1.792,0.447,90.668,-12.543,7.228
H1,3.5,203,30.542,1.792,0.389,78.935,-10.748,7.344,29.557,1.665,0.346,70.245,-11.605,6.053
H1,4.0,203,30.542,1.722,0.323,65.482,-9.764,6.706,29.557,1.603,0.285,57.88,-10.514,5.505
