tai_san,khung,chien_luoc,atr,is_lenh,is_winrate,is_pf,is_expectancy,is_tong_r,is_max_dd,is_r_dd,full_phi004_lenh,full_phi004_winrate,full_phi004_pf,full_phi004_expectancy,full_phi004_tong_r,full_phi004_max_dd,full_phi004_r_dd,full_phi01_lenh,full_phi01_winrate,full_phi01_pf,full_phi01_expectancy,full_phi01_tong_r,full_phi01_max_dd,full_phi01_r_dd,oos_lenh,oos_winrate,oos_pf,oos_expectancy,oos_tong_r,oos_max_dd,oos_r_dd
PAXG,D1,Breakout,1.0,12,33.333,11.205,6.803,81.64,-4.0,20.41,12,33.333,10.337,6.72,80.641,-4.338,18.589,12,33.333,9.252,6.595,79.141,-4.845,16.333,,,,,,,
PAXG,D1,Breakout,1.5,12,41.667,9.64,4.929,59.144,-4.0,14.786,12,41.667,9.103,4.873,58.476,-4.225,13.841,12,41.667,8.394,4.789,57.473,-4.562,12.597,,,,,,,
PAXG,D1,Breakout,2.0,12,50.0,8.886,3.702,44.427,-3.0,14.809,12,50.0,8.458,3.66,43.926,-3.146,13.962,12,50.0,7.883,3.598,43.174,-3.365,12.829,,,,,,,
PAXG,D1,Breakout,2.5,11,54.545,10.18,3.483,38.318,-1.667,22.986,11,54.545,9.749,3.45,37.946,-1.742,21.777,11,54.545,9.161,3.399,37.387,-1.856,20.147,,,,,,,
PAXG,D1,Breakout,3.0,9,66.667,15.448,3.262,29.356,-1.556,18.869,9,66.667,14.703,3.234,29.103,-1.619,17.98,9,66.667,13.699,3.192,28.724,-1.713,16.769,,,,,,,
PAXG,D1,Breakout,3.5,9,66.667,14.277,2.78,25.02,-1.476,16.946,9,66.667,13.634,2.756,24.803,-1.53,16.209,9,66.667,12.76,2.72,24.478,-1.611,15.195,,,,,,,
PAXG,D1,Breakout,4.0,9,66.667,15.153,2.443,21.988,-1.197,18.376,9,66.667,14.434,2.422,21.798,-1.244,17.527,9,66.667,13.464,2.39,21.513,-1.314,16.368,,,,,,,
PAXG,D1,Pullback,1.5,8,25.0,4.113,2.122,16.973,-2.452,6.921,9,33.333,4.745,2.386,21.476,-2.593,8.282,9,33.333,4.386,2.318,20.858,-2.804,7.439,1.0,100.0,inf,4.915,4.915,0.0,inf
PAXG,D1,Pullback,2.0,7,42.857,5.517,1.846,12.924,-1.861,6.943,8,50.0,6.422,2.043,16.346,-1.967,8.311,8,50.0,5.915,1.994,15.949,-2.125,7.505,1.0,100.0,inf,3.686,3.686,0.0,inf
PAXG,D1,Pullback,2.5,7,42.857,4.977,1.442,10.091,-1.538,6.563,8,50.0,5.822,1.604,12.828,-1.622,7.91,8,50.0,5.399,1.564,12.511,-1.748,7.156,1.0,100.0,inf,2.949,2.949,0.0,inf
PAXG,D1,Pullback,3.0,7,42.857,4.613,1.177,8.242,-1.281,6.433,8,50.0,5.415,1.315,10.524,-1.352,7.787,8,50.0,5.044,1.282,10.259,-1.457,7.042,1.0,100.0,inf,2.458,2.458,0.0,inf
PAXG,H4,Breakout,1.0,53,16.981,1.12,0.097,5.16,-24.577,0.21,61,18.033,1.037,0.033,2.043,-29.931,0.068,61,18.033,0.83,-0.184,-11.203,-38.603,-0.29,8.0,37.5,2.143,0.714,5.714,-2.5,2.285
PAXG,H4,Breakout,1.5,50,30.0,1.472,0.282,14.079,-10.965,1.284,58,31.034,1.639,0.413,23.927,-13.196,1.813,58,31.034,1.357,0.267,15.488,-17.081,0.907,8.0,50.0,5.149,1.934,15.475,-1.73,8.947
PAXG,H4,Breakout,2.0,48,37.5,2.468,0.696,33.397,-5.803,5.755,56,37.5,2.506,0.74,41.417,-6.49,6.381,56,37.5,2.131,0.631,35.309,-7.741,4.561,8.0,50.0,6.234,1.512,12.093,-1.241,9.747
PAXG,H4,Breakout,2.5,47,38.298,2.365,0.552,25.922,-4.021,6.447,55,38.182,2.426,0.589,32.401,-4.625,7.005,55,38.182,2.078,0.502,27.607,-5.533,4.99,8.0,50.0,6.234,1.209,9.674,-0.992,9.747
PAXG,H4,Breakout,3.0,46,39.13,2.311,0.462,21.231,-3.684,5.763,54,38.889,2.385,0.494,26.678,-4.188,6.37,54,38.889,2.054,0.421,22.755,-4.944,4.603,8.0,50.0,6.234,1.008,8.062,-0.827,9.747
PAXG,H4,Breakout,3.5,44,40.909,2.563,0.433,19.066,-2.732,6.979,52,40.385,2.613,0.458,23.81,-3.164,7.525,52,40.385,2.234,0.395,20.562,-3.812,5.394,8.0,50.0,6.234,0.864,6.91,-0.709,9.747
PAXG,H4,Breakout,4.0,44,40.909,2.468,0.37,16.274,-2.516,6.47,52,40.385,2.533,0.393,20.426,-2.894,7.059,52,40.385,2.174,0.338,17.584,-3.461,5.081,8.0,50.0,6.234,0.756,6.046,-0.62,9.747
PAXG,H4,Pullback,1.5,35,34.286,1.788,0.453,15.872,-6.128,2.59,41,34.146,1.773,0.503,20.614,-8.26,2.496,41,29.268,1.477,0.358,14.661,-11.713,1.252,6.0,33.333,3.178,1.452,8.711,-3.0,2.904
PAXG,H4,Pullback,2.0,34,41.176,2.861,0.819,27.835,-3.419,8.142,40,40.0,2.5,0.766,30.637,-4.132,7.415,40,35.0,2.136,0.656,26.254,-5.308,4.946,6.0,33.333,2.503,0.954,5.725,-2.808,2.039
PAXG,H4,Pullback,2.5,34,47.059,3.32,0.772,26.238,-3.335,7.868,40,45.0,2.79,0.707,28.273,-3.905,7.24,40,40.0,2.39,0.619,24.764,-4.845,5.111,6.0,33.333,2.346,0.729,4.375,-2.646,1.653
PAXG,H4,Pullback,3.0,34,47.059,3.32,0.643,21.867,-3.214,6.803,40,45.0,2.722,0.581,23.23,-3.689,6.296,40,40.0,2.338,0.508,20.306,-4.473,4.54,6.0,33.333,2.089,0.552,3.313,-2.539,1.305
PAXG,H1,Breakout,1.0,213,17.371,0.937,-0.051,-10.967,-63.643,-0.172,246,17.48,1.088,0.095,23.262,-100.195,0.232,246,16.26,0.735,-0.395,-97.219,-196.689,-0.494,33.0,21.212,5.47,3.471,114.55,-9.0,12.728
PAXG,H1,Breakout,1.5,206,23.786,1.144,0.102,21.055,-42.309,0.498,237,24.051,1.233,0.203,48.18,-65.304,0.738,237,22.363,0.892,-0.121,-28.73,-101.019,-0.284,31.0,29.032,4.661,2.529,78.399,-7.982,9.822
PAXG,H1,Breakout,2.0,195,27.179,1.101,0.062,12.122,-36.724,0.33,226,27.434,1.194,0.144,32.46,-52.838,0.614,226,25.221,0.892,-0.1,-22.527,-77.37,-0.291,31.0,32.258,3.869,1.839,56.996,-7.0,8.142
PAXG,H1,Breakout,2.5,189,30.688,1.17,0.087,16.373,-26.977,0.607,220,30.455,1.268,0.161,35.481,-39.251,0.904,220,28.182,0.955,-0.034,-7.373,-57.95,-0.127,31.0,35.484,3.907,1.538,47.677,-5.599,8.516
PAXG,H1,Breakout,3.0,187,32.62,1.271,0.117,21.894,-22.351,0.98,217,32.719,1.419,0.21,45.623,-32.367,1.41,217,29.954,1.078,0.048,10.393,-47.633,0.218,30.0,40.0,4.77,1.574,47.216,-4.902,9.632
PAXG,H1,Breakout,3.5,187,33.69,1.291,0.109,20.384,-15.834,1.287,217,33.641,1.436,0.189,40.957,-24.42,1.677,217,30.876,1.094,0.05,10.759,-37.507,0.287,30.0,40.0,4.877,1.357,40.705,-4.259,9.558
PAXG,H1,Breakout,4.0,184,34.783,1.361,0.117,21.522,-11.954,1.8,214,35.047,1.533,0.196,41.971,-19.321,2.172,214,31.776,1.166,0.074,15.878,-30.553,0.52,30.0,43.333,5.529,1.262,37.845,-2.342,16.157
PAXG,H1,Pullback,1.5,164,19.512,0.975,-0.018,-2.911,-48.849,-0.06,192,18.229,1.416,0.369,70.832,-75.706,0.936,192,16.146,1.04,0.045,8.733,-115.991,0.075,28.0,17.857,6.554,4.112,115.143,-14.642,7.864
PAXG,H1,Pullback,2.0,160,23.125,0.952,-0.029,-4.686,-40.096,-0.117,188,22.34,1.392,0.285,53.631,-58.749,0.913,188,20.745,1.046,0.042,7.948,-87.597,0.091,28.0,25.0,6.508,3.17,88.771,-10.106,8.784
PAXG,H1,Pullback,2.5,155,27.742,1.087,0.043,6.666,-22.411,0.297,182,26.374,1.504,0.294,53.594,-37.35,1.435,182,24.725,1.135,0.098,17.833,-60.238,0.296,27.0,25.926,6.385,2.621,70.769,-8.124,8.712
PAXG,H1,Pullback,3.0,154,27.922,1.051,0.022,3.408,-19.989,0.17,181,26.519,1.453,0.231,41.854,-32.323,1.295,181,24.862,1.108,0.068,12.228,-51.888,0.236,27.0,25.926,5.962,2.155,58.197,-7.214,8.068
