entry_dt,exit_dt,entry,sl,exit,r
2021-10-04,2021-11-26,49228.08,44107.73,55317.0,1.189
2023-03-17,2023-05-12,26386.87,23729.63,26702.05,0.119
2023-06-23,2023-08-01,30800.0,28494.84,29101.8,-0.737
2023-08-02,2023-08-04,29739.25,28532.2,28927.5,-0.673
2024-02-07,2024-04-19,43882.36,41540.44,60803.35,7.225
2024-05-19,2024-06-21,67451.2,62695.06,64060.0,-0.713
2024-07-20,2024-08-02,67386.0,61888.58,61888.58,-1.0
2024-09-20,2024-10-10,63850.0,59180.37,59180.37,-1.0
2025-04-23,2025-08-26,93888.0,87330.46,109274.1,2.346
2025-09-15,2025-09-22,116298.78,112042.57,112042.57,-1.0
